Field1,Field2,Field3,Field4,Field8,Field9,Field11,Field12,Field13,Field14
9359182252,اکبر,اسدي,1000009250,0741-3331250,-,شاهد11 26	کهگيلويه وبويراحمد,کرمان,null,7591654813
9359286981,اسما,كريمي,1000009287,null,-,شاهد11 26	کهگيلويه وبويراحمد,آذربایجان غربی,null,7591654814
9359391710,احمد,احمدي,1000009324,0741-3331252,-,شاهد11 26	کهگيلويه وبويراحمد,تهران,تهران,7591654815
9359496439,علي,موسوي,1000009361,null,-,شاهد11 26	کهگيلويه وبويراحمد,مرکزی,null,7591654816
9359601168,مريم,حسني,1000009398,0741-3331254,-,شاهد11 26	کهگيلويه وبويراحمد,ايلام,null,7591654817
9359705897,زهرا,قاسمي,1000009435,null,-,شاهد11 26	کهگيلويه وبويراحمد,کهگيلويه وبويراحمد,null,7591654818
9359810626,رضا,جعفري,1000009472,0741-3331256,-,شاهد11 26	کهگيلويه وبويراحمد,کرمان,کرمان,7591654819
9359915355,سعيد,مرادي,1000009509,null,-,شاهد11 26	کهگيلويه وبويراحمد,آذربایجان غربی,null,7591654820
9351020085,نرگس,محمدي,1000009546,0741-3331258,-,شاهد11 26	کهگيلويه وبويراحمد,تهران,null,7591654821
9351124814,حسين,رضايي,1000009583,null,-,شاهد11 26	کهگيلويه وبويراحمد,مرکزی,null,7591654822
9351229543,فاطمه,اسدي,1000009620,0741-3331260,-,شاهد11 26	کهگيلويه وبويراحمد,ايلام,ايلام,7591654823
9351334272,محمد,كريمي,1000009657,null,-,شاهد11 26	کهگيلويه وبويراحمد,کهگيلويه وبويراحمد,null,7591654824
9351439001,اکبر,احمدي,1000009694,0741-3331262,-,شاهد11 26	کهگيلويه وبويراحمد,کرمان,null,7591654825
9351543730,اسما,موسوي,1000009731,null,-,شاهد11 26	کهگيلويه وبويراحمد,آذربایجان غربی,null,7591654826
9351648459,احمد,حسني,1000009768,0741-3331264,-,شاهد11 26	کهگيلويه وبويراحمد,تهران,تهران,7591654827
9351753188,علي,قاسمي,1000009805,null,-,شاهد11 26	کهگيلويه وبويراحمد,مرکزی,null,7591654828
9351857917,مريم,جعفري,1000009842,0741-3331266,-,شاهد11 26	کهگيلويه وبويراحمد,ايلام,null,7591654829
9351962646,زهرا,مرادي,1000009879,null,-,شاهد11 26	کهگيلويه وبويراحمد,کهگيلويه وبويراحمد,null,7591654830
9352067375,رضا,محمدي,1000009916,0741-3331268,-,شاهد11 26	کهگيلويه وبويراحمد,کرمان,کرمان,7591654831
9352172104,سعيد,رضايي,1000009953,null,-,شاهد11 26	کهگيلويه وبويراحمد,آذربایجان غربی,null,7591654832
9352276833,نرگس,اسدي,1000009990,0741-3331270,-,شاهد11 26	کهگيلويه وبويراحمد,تهران,null,7591654833
9352381562,حسين,كريمي,1000010027,null,-,شاهد11 26	کهگيلويه وبويراحمد,مرکزی,null,7591654834
9352486291,فاطمه,احمدي,1000010064,0741-3331272,-,شاهد11 26	کهگيلويه وبويراحمد,ايلام,ايلام,7591654835
9352591020,محمد,موسوي,1000010101,null,-,شاهد11 26	کهگيلويه وبويراحمد,کهگيلويه وبويراحمد,null,7591654836
9352695749,اکبر,حسني,1000010138,0741-3331274,-,شاهد11 26	کهگيلويه وبويراحمد,کرمان,null,7591654837
9352800478,اسما,قاسمي,1000010175,null,-,شاهد11 26	کهگيلويه وبويراحمد,آذربایجان غربی,null,7591654838
9352905207,احمد,جعفري,1000010212,0741-3331276,-,شاهد11 26	کهگيلويه وبويراحمد,تهران,تهران,7591654839
9353009936,علي,مرادي,1000010249,null,-,شاهد11 26	کهگيلويه وبويراحمد,مرکزی,null,7591654840
9353114665,مريم,محمدي,1000010286,0741-3331278,-,شاهد11 26	کهگيلويه وبويراحمد,ايلام,null,7591654841
9353219394,زهرا,رضايي,1000010323,null,-,شاهد11 26	کهگيلويه وبويراحمد,کهگيلويه وبويراحمد,null,7591654842
9353324123,رضا,اسدي,1000010360,0741-3331280,-,شاهد11 26	کهگيلويه وبويراحمد,کرمان,کرمان,7591654843
9353428852,سعيد,كريمي,1000010397,null,-,شاهد11 26	کهگيلويه وبويراحمد,آذربایجان غربی,null,7591654844
9353533581,نرگس,احمدي,1000010434,0741-3331282,-,شاهد11 26	کهگيلويه وبويراحمد,تهران,null,7591654845
9353638310,حسين,موسوي,1000010471,null,-,شاهد11 26	کهگيلويه وبويراحمد,مرکزی,null,7591654846
9353743039,فاطمه,حسني,1000010508,0741-3331284,-,شاهد11 26	کهگيلويه وبويراحمد,ايلام,ايلام,7591654847
9353847768,محمد,قاسمي,1000010545,null,-,شاهد11 26	کهگيلويه وبويراحمد,کهگيلويه وبويراحمد,null,7591654848
9353952497,اکبر,جعفري,1000010582,0741-3331286,-,شاهد11 26	کهگيلويه وبويراحمد,کرمان,null,7591654849
9354057226,اسما,مرادي,1000010619,null,-,شاهد11 26	کهگيلويه وبويراحمد,آذربایجان غربی,null,7591654850
9354161955,احمد,محمدي,1000010656,0741-3331288,-,شاهد11 26	کهگيلويه وبويراحمد,تهران,تهران,7591654851
9354266684,علي,رضايي,1000010693,null,-,شاهد11 26	کهگيلويه وبويراحمد,مرکزی,null,7591654852
9354371413,مريم,اسدي,1000010730,0741-3331290,-,شاهد11 26	کهگيلويه وبويراحمد,ايلام,null,7591654853
9354476142,زهرا,كريمي,1000010767,null,-,شاهد11 26	کهگيلويه وبويراحمد,کهگيلويه وبويراحمد,null,7591654854
9354580871,رضا,احمدي,1000010804,0741-3331292,-,شاهد11 26	کهگيلويه وبويراحمد,کرمان,کرمان,7591654855
9354685600,سعيد,موسوي,1000010841,null,-,شاهد11 26	کهگيلويه وبويراحمد,آذربایجان غربی,null,7591654856
9354790329,نرگس,حسني,1000010878,0741-3331294,-,شاهد11 26	کهگيلويه وبويراحمد,تهران,null,7591654857
9354895058,حسين,قاسمي,1000010915,null,-,شاهد11 26	کهگيلويه وبويراحمد,مرکزی,null,7591654858
9354999787,فاطمه,جعفري,1000010952,0741-3331296,-,شاهد11 26	کهگيلويه وبويراحمد,ايلام,ايلام,7591654859
9355104516,محمد,مرادي,1000010989,null,-,شاهد11 26	کهگيلويه وبويراحمد,کهگيلويه وبويراحمد,null,7591654860
9355209245,اکبر,محمدي,1000011026,0741-3331298,-,شاهد11 26	کهگيلويه وبويراحمد,کرمان,null,7591654861
9355313974,اسما,رضايي,1000011063,null,-,شاهد11 26	کهگيلويه وبويراحمد,آذربایجان غربی,null,7591654862
9355418703,احمد,اسدي,1000011100,0741-3331300,-,شاهد11 26	کهگيلويه وبويراحمد,تهران,تهران,7591654863
9355523432,علي,كريمي,1000011137,null,-,شاهد11 26	کهگيلويه وبويراحمد,مرکزی,null,7591654864
9355628161,مريم,احمدي,1000011174,0741-3331302,-,شاهد11 26	کهگيلويه وبويراحمد,ايلام,null,7591654865
9355732890,زهرا,موسوي,1000011211,null,-,شاهد11 26	کهگيلويه وبويراحمد,کهگيلويه وبويراحمد,null,7591654866
9355837619,رضا,حسني,1000011248,0741-3331304,-,شاهد11 26	کهگيلويه وبويراحمد,کرمان,کرمان,7591654867
9355942348,سعيد,قاسمي,1000011285,null,-,شاهد11 26	کهگيلويه وبويراحمد,آذربایجان غربی,null,7591654868
9356047077,نرگس,جعفري,1000011322,0741-3331306,-,شاهد11 26	کهگيلويه وبويراحمد,تهران,null,7591654869
9356151806,حسين,مرادي,1000011359,null,-,شاهد11 26	کهگيلويه وبويراحمد,مرکزی,null,7591654870
9356256535,فاطمه,محمدي,1000011396,0741-3331308,-,شاهد11 26	کهگيلويه وبويراحمد,ايلام,ايلام,7591654871
9356361264,محمد,رضايي,1000011433,null,-,شاهد11 26	کهگيلويه وبويراحمد,کهگيلويه وبويراحمد,null,7591654872
9356465993,اکبر,اسدي,1000011470,0741-3331310,-,شاهد11 26	کهگيلويه وبويراحمد,کرمان,null,7591654873
9356570722,اسما,كريمي,1000011507,null,-,شاهد11 26	کهگيلويه وبويراحمد,آذربایجان غربی,null,7591654874
9356675451,احمد,احمدي,1000011544,0741-3331312,-,شاهد11 26	کهگيلويه وبويراحمد,تهران,تهران,7591654875
9356780180,علي,موسوي,1000011581,null,-,شاهد11 26	کهگيلويه وبويراحمد,مرکزی,null,7591654876
9356884909,مريم,حسني,1000011618,0741-3331314,-,شاهد11 26	کهگيلويه وبويراحمد,ايلام,null,7591654877
9356989638,زهرا,قاسمي,1000011655,null,-,شاهد11 26	کهگيلويه وبويراحمد,کهگيلويه وبويراحمد,null,7591654878
9357094367,رضا,جعفري,1000011692,0741-3331316,-,شاهد11 26	کهگيلويه وبويراحمد,کرمان,کرمان,7591654879
9357199096,سعيد,مرادي,1000011729,null,-,شاهد11 26	کهگيلويه وبويراحمد,آذربایجان غربی,null,7591654880
9357303825,نرگس,محمدي,1000011766,0741-3331318,-,شاهد11 26	کهگيلويه وبويراحمد,تهران,null,7591654881
9357408554,حسين,رضايي,1000011803,null,-,شاهد11 26	کهگيلويه وبويراحمد,مرکزی,null,7591654882
9357513283,فاطمه,اسدي,1000011840,0741-3331320,-,شاهد11 26	کهگيلويه وبويراحمد,ايلام,ايلام,7591654883
9357618012,محمد,كريمي,1000011877,null,-,شاهد11 26	کهگيلويه وبويراحمد,کهگيلويه وبويراحمد,null,7591654884
9357722741,اکبر,احمدي,1000011914,0741-3331322,-,شاهد11 26	کهگيلويه وبويراحمد,کرمان,null,7591654885
9357827470,اسما,موسوي,1000011951,null,-,شاهد11 26	کهگيلويه وبويراحمد,آذربایجان غربی,null,7591654886
9357932199,احمد,حسني,1000011988,0741-3331324,-,شاهد11 26	کهگيلويه وبويراحمد,تهران,تهران,7591654887
9358036928,علي,قاسمي,1000012025,null,-,شاهد11 26	کهگيلويه وبويراحمد,مرکزی,null,7591654888
9358141657,مريم,جعفري,1000012062,0741-3331326,-,شاهد11 26	کهگيلويه وبويراحمد,ايلام,null,7591654889
9358246386,زهرا,مرادي,1000012099,null,-,شاهد11 26	کهگيلويه وبويراحمد,کهگيلويه وبويراحمد,null,7591654890
9358351115,رضا,محمدي,1000012136,0741-3331328,-,شاهد11 26	کهگيلويه وبويراحمد,کرمان,کرمان,7591654891
9358455844,سعيد,رضايي,1000012173,null,-,شاهد11 26	کهگيلويه وبويراحمد,آذربایجان غربی,null,7591654892
9358560573,نرگس,اسدي,1000012210,0741-3331330,-,شاهد11 26	کهگيلويه وبويراحمد,تهران,null,7591654893
9358665302,حسين,كريمي,1000012247,null,-,شاهد11 26	کهگيلويه وبويراحمد,مرکزی,null,7591654894
9358770031,فاطمه,احمدي,1000012284,0741-3331332,-,شاهد11 26	کهگيلويه وبويراحمد,ايلام,ايلام,7591654895
9358874760,محمد,موسوي,1000012321,null,-,شاهد11 26	کهگيلويه وبويراحمد,کهگيلويه وبويراحمد,null,7591654896
9358979489,اکبر,حسني,1000012358,0741-3331334,-,شاهد11 26	کهگيلويه وبويراحمد,کرمان,null,7591654897
9359084218,اسما,قاسمي,1000012395,null,-,شاهد11 26	کهگيلويه وبويراحمد,آذربایجان غربی,null,7591654898
9359188947,احمد,جعفري,1000012432,0741-3331336,-,شاهد11 26	کهگيلويه وبويراحمد,تهران,تهران,7591654899
9359293676,علي,مرادي,1000012469,null,-,شاهد11 26	کهگيلويه وبويراحمد,مرکزی,null,7591654900
9359398405,مريم,محمدي,1000012506,0741-3331338,-,شاهد11 26	کهگيلويه وبويراحمد,ايلام,null,7591654901
9359503134,زهرا,رضايي,1000012543,null,-,شاهد11 26	کهگيلويه وبويراحمد,کهگيلويه وبويراحمد,null,7591654902
9359607863,رضا,اسدي,1000012580,0741-3331340,-,شاهد11 26	کهگيلويه وبويراحمد,کرمان,کرمان,7591654903
9359712592,سعيد,كريمي,1000012617,null,-,شاهد11 26	کهگيلويه وبويراحمد,آذربایجان غربی,null,7591654904
9359817321,نرگس,احمدي,1000012654,0741-3331342,-,شاهد11 26	کهگيلويه وبويراحمد,تهران,null,7591654905
9359922050,حسين,موسوي,1000012691,null,-,شاهد11 26	کهگيلويه وبويراحمد,مرکزی,null,7591654906
9351026780,فاطمه,حسني,1000012728,0741-3331344,-,شاهد11 26	کهگيلويه وبويراحمد,ايلام,ايلام,7591654907
9351131509,محمد,قاسمي,1000012765,null,-,شاهد11 26	کهگيلويه وبويراحمد,کهگيلويه وبويراحمد,null,7591654908
9351236238,اکبر,جعفري,1000012802,0741-3331346,-,شاهد11 26	کهگيلويه وبويراحمد,کرمان,null,7591654909
9351340967,اسما,مرادي,1000012839,null,-,شاهد11 26	کهگيلويه وبويراحمد,آذربایجان غربی,null,7591654910
9351445696,احمد,محمدي,1000012876,0741-3331348,-,شاهد11 26	کهگيلويه وبويراحمد,تهران,تهران,7591654911
9351550425,علي,رضايي,1000012913,null,-,شاهد11 26	کهگيلويه وبويراحمد,مرکزی,null,7591654912
9351655154,مريم,اسدي,1000012950,0741-3331350,-,شاهد11 26	کهگيلويه وبويراحمد,ايلام,null,7591654913
9351759883,زهرا,كريمي,1000012987,null,-,شاهد11 26	کهگيلويه وبويراحمد,کهگيلويه وبويراحمد,null,7591654914
9351864612,رضا,احمدي,1000013024,0741-3331352,-,شاهد11 26	کهگيلويه وبويراحمد,کرمان,کرمان,7591654915
9351969341,سعيد,موسوي,1000013061,null,-,شاهد11 26	کهگيلويه وبويراحمد,آذربایجان غربی,null,7591654916
9352074070,نرگس,حسني,1000013098,0741-3331354,-,شاهد11 26	کهگيلويه وبويراحمد,تهران,null,7591654917
9352178799,حسين,قاسمي,1000013135,null,-,شاهد11 26	کهگيلويه وبويراحمد,مرکزی,null,7591654918
9352283528,فاطمه,جعفري,1000013172,0741-3331356,-,شاهد11 26	کهگيلويه وبويراحمد,ايلام,ايلام,7591654919
9352388257,محمد,مرادي,1000013209,null,-,شاهد11 26	کهگيلويه وبويراحمد,کهگيلويه وبويراحمد,null,7591654920
9352492986,اکبر,محمدي,1000013246,0741-3331358,-,شاهد11 26	کهگيلويه وبويراحمد,کرمان,null,7591654921
9352597715,اسما,رضايي,1000013283,null,-,شاهد11 26	کهگيلويه وبويراحمد,آذربایجان غربی,null,7591654922
9352702444,احمد,اسدي,1000013320,0741-3331360,-,شاهد11 26	کهگيلويه وبويراحمد,تهران,تهران,7591654923
9352807173,علي,كريمي,1000013357,null,-,شاهد11 26	کهگيلويه وبويراحمد,مرکزی,null,7591654924
9352911902,مريم,احمدي,1000013394,0741-3331362,-,شاهد11 26	کهگيلويه وبويراحمد,ايلام,null,7591654925
9353016631,زهرا,موسوي,1000013431,null,-,شاهد11 26	کهگيلويه وبويراحمد,کهگيلويه وبويراحمد,null,7591654926
9353121360,رضا,حسني,1000013468,0741-3331364,-,شاهد11 26	کهگيلويه وبويراحمد,کرمان,کرمان,7591654927
9353226089,سعيد,قاسمي,1000013505,null,-,شاهد11 26	کهگيلويه وبويراحمد,آذربایجان غربی,null,7591654928
9353330818,نرگس,جعفري,1000013542,0741-3331366,-,شاهد11 26	کهگيلويه وبويراحمد,تهران,null,7591654929
9353435547,حسين,مرادي,1000013579,null,-,شاهد11 26	کهگيلويه وبويراحمد,مرکزی,null,7591654930
9353540276,فاطمه,محمدي,1000013616,0741-3331368,-,شاهد11 26	کهگيلويه وبويراحمد,ايلام,ايلام,7591654931
9353645005,محمد,رضايي,1000013653,null,-,شاهد11 26	کهگيلويه وبويراحمد,کهگيلويه وبويراحمد,null,7591654932
9353749734,اکبر,اسدي,1000013690,0741-3331370,-,شاهد11 26	کهگيلويه وبويراحمد,کرمان,null,7591654933
9353854463,اسما,كريمي,1000013727,null,-,شاهد11 26	کهگيلويه وبويراحمد,آذربایجان غربی,null,7591654934
9353959192,احمد,احمدي,1000013764,0741-3331372,-,شاهد11 26	کهگيلويه وبويراحمد,تهران,تهران,7591654935
9354063921,علي,موسوي,1000013801,null,-,شاهد11 26	کهگيلويه وبويراحمد,مرکزی,null,7591654936
9354168650,مريم,حسني,1000013838,0741-3331374,-,شاهد11 26	کهگيلويه وبويراحمد,ايلام,null,7591654937
9354273379,زهرا,قاسمي,1000013875,null,-,شاهد11 26	کهگيلويه وبويراحمد,کهگيلويه وبويراحمد,null,7591654938
9354378108,رضا,جعفري,1000013912,0741-3331376,-,شاهد11 26	کهگيلويه وبويراحمد,کرمان,کرمان,7591654939
9354482837,سعيد,مرادي,1000013949,null,-,شاهد11 26	کهگيلويه وبويراحمد,آذربایجان غربی,null,7591654940
9354587566,نرگس,محمدي,1000013986,0741-3331378,-,شاهد11 26	کهگيلويه وبويراحمد,تهران,null,7591654941
9354692295,حسين,رضايي,1000014023,null,-,شاهد11 26	کهگيلويه وبويراحمد,مرکزی,null,7591654942
9354797024,فاطمه,اسدي,1000014060,0741-3331380,-,شاهد11 26	کهگيلويه وبويراحمد,ايلام,ايلام,7591654943
9354901753,محمد,كريمي,1000014097,null,-,شاهد11 26	کهگيلويه وبويراحمد,کهگيلويه وبويراحمد,null,7591654944
9355006482,اکبر,احمدي,1000014134,0741-3331382,-,شاهد11 26	کهگيلويه وبويراحمد,کرمان,null,7591654945
9355111211,اسما,موسوي,1000014171,null,-,شاهد11 26	کهگيلويه وبويراحمد,آذربایجان غربی,null,7591654946
9355215940,احمد,حسني,1000014208,0741-3331384,-,شاهد11 26	کهگيلويه وبويراحمد,تهران,تهران,7591654947
9355320669,علي,قاسمي,1000014245,null,-,شاهد11 26	کهگيلويه وبويراحمد,مرکزی,null,7591654948
9355425398,مريم,جعفري,1000014282,0741-3331386,-,شاهد11 26	کهگيلويه وبويراحمد,ايلام,null,7591654949
9355530127,زهرا,مرادي,1000014319,null,-,شاهد11 26	کهگيلويه وبويراحمد,کهگيلويه وبويراحمد,null,7591654950
9355634856,رضا,محمدي,1000014356,0741-3331388,-,شاهد11 26	کهگيلويه وبويراحمد,کرمان,کرمان,7591654951
9355739585,سعيد,رضايي,1000014393,null,-,شاهد11 26	کهگيلويه وبويراحمد,آذربایجان غربی,null,7591654952
9355844314,نرگس,اسدي,1000014430,0741-3331390,-,شاهد11 26	کهگيلويه وبويراحمد,تهران,null,7591654953
9355949043,حسين,كريمي,1000014467,null,-,شاهد11 26	کهگيلويه وبويراحمد,مرکزی,null,7591654954
9356053772,فاطمه,احمدي,1000014504,0741-3331392,-,شاهد11 26	کهگيلويه وبويراحمد,ايلام,ايلام,7591654955
9356158501,محمد,موسوي,1000014541,null,-,شاهد11 26	کهگيلويه وبويراحمد,کهگيلويه وبويراحمد,null,7591654956
9356263230,اکبر,حسني,1000014578,0741-3331394,-,شاهد11 26	کهگيلويه وبويراحمد,کرمان,null,7591654957
9356367959,اسما,قاسمي,1000014615,null,-,شاهد11 26	کهگيلويه وبويراحمد,آذربایجان غربی,null,7591654958
9356472688,احمد,جعفري,1000014652,0741-3331396,-,شاهد11 26	کهگيلويه وبويراحمد,تهران,تهران,7591654959
9356577417,علي,مرادي,1000014689,null,-,شاهد11 26	کهگيلويه وبويراحمد,مرکزی,null,7591654960
9356682146,مريم,محمدي,1000014726,0741-3331398,-,شاهد11 26	کهگيلويه وبويراحمد,ايلام,null,7591654961
9356786875,زهرا,رضايي,1000014763,null,-,شاهد11 26	کهگيلويه وبويراحمد,کهگيلويه وبويراحمد,null,7591654962
9356891604,رضا,اسدي,1000014800,0741-3331400,-,شاهد11 26	کهگيلويه وبويراحمد,کرمان,کرمان,7591654963
9356996333,سعيد,كريمي,1000014837,null,-,شاهد11 26	کهگيلويه وبويراحمد,آذربایجان غربی,null,7591654964
9357101062,نرگس,احمدي,1000014874,0741-3331402,-,شاهد11 26	کهگيلويه وبويراحمد,تهران,null,7591654965
9357205791,حسين,موسوي,1000014911,null,-,شاهد11 26	کهگيلويه وبويراحمد,مرکزی,null,7591654966
9357310520,فاطمه,حسني,1000014948,0741-3331404,-,شاهد11 26	کهگيلويه وبويراحمد,ايلام,ايلام,7591654967
9357415249,محمد,قاسمي,1000014985,null,-,شاهد11 26	کهگيلويه وبويراحمد,کهگيلويه وبويراحمد,null,7591654968
9357519978,اکبر,جعفري,1000015022,0741-3331406,-,شاهد11 26	کهگيلويه وبويراحمد,کرمان,null,7591654969
9357624707,اسما,مرادي,1000015059,null,-,شاهد11 26	کهگيلويه وبويراحمد,آذربایجان غربی,null,7591654970
9357729436,احمد,محمدي,1000015096,0741-3331408,-,شاهد11 26	کهگيلويه وبويراحمد,تهران,تهران,7591654971
9357834165,علي,رضايي,1000015133,null,-,شاهد11 26	کهگيلويه وبويراحمد,مرکزی,null,7591654972
9357938894,مريم,اسدي,1000015170,0741-3331410,-,شاهد11 26	کهگيلويه وبويراحمد,ايلام,null,7591654973
9358043623,زهرا,كريمي,1000015207,null,-,شاهد11 26	کهگيلويه وبويراحمد,کهگيلويه وبويراحمد,null,7591654974
9358148352,رضا,احمدي,1000015244,0741-3331412,-,شاهد11 26	کهگيلويه وبويراحمد,کرمان,کرمان,7591654975
9358253081,سعيد,موسوي,1000015281,null,-,شاهد11 26	کهگيلويه وبويراحمد,آذربایجان غربی,null,7591654976
9358357810,نرگس,حسني,1000015318,0741-3331414,-,شاهد11 26	کهگيلويه وبويراحمد,تهران,null,7591654977
9358462539,حسين,قاسمي,1000015355,null,-,شاهد11 26	کهگيلويه وبويراحمد,مرکزی,null,7591654978
9358567268,فاطمه,جعفري,1000015392,0741-3331416,-,شاهد11 26	کهگيلويه وبويراحمد,ايلام,ايلام,7591654979
9358671997,محمد,مرادي,1000015429,null,-,شاهد11 26	کهگيلويه وبويراحمد,کهگيلويه وبويراحمد,null,7591654980
9358776726,اکبر,محمدي,1000015466,0741-3331418,-,شاهد11 26	کهگيلويه وبويراحمد,کرمان,null,7591654981
9358881455,اسما,رضايي,1000015503,null,-,شاهد11 26	کهگيلويه وبويراحمد,آذربایجان غربی,null,7591654982
9358986184,احمد,اسدي,1000015540,0741-3331420,-,شاهد11 26	کهگيلويه وبويراحمد,تهران,تهران,7591654983
9359090913,علي,كريمي,1000015577,null,-,شاهد11 26	کهگيلويه وبويراحمد,مرکزی,null,7591654984
9359195642,مريم,احمدي,1000015614,0741-3331422,-,شاهد11 26	کهگيلويه وبويراحمد,ايلام,null,7591654985
9359300371,زهرا,موسوي,1000015651,null,-,شاهد11 26	کهگيلويه وبويراحمد,کهگيلويه وبويراحمد,null,7591654986
9359405100,رضا,حسني,1000015688,0741-3331424,-,شاهد11 26	کهگيلويه وبويراحمد,کرمان,کرمان,7591654987
9359509829,سعيد,قاسمي,1000015725,null,-,شاهد11 26	کهگيلويه وبويراحمد,آذربایجان غربی,null,7591654988
9359614558,نرگس,جعفري,1000015762,0741-3331426,-,شاهد11 26	کهگيلويه وبويراحمد,تهران,null,7591654989
9359719287,حسين,مرادي,1000015799,null,-,شاهد11 26	کهگيلويه وبويراحمد,مرکزی,null,7591654990
9359824016,فاطمه,محمدي,1000015836,0741-3331428,-,شاهد11 26	کهگيلويه وبويراحمد,ايلام,ايلام,7591654991
9359928745,محمد,رضايي,1000015873,null,-,شاهد11 26	کهگيلويه وبويراحمد,کهگيلويه وبويراحمد,null,7591654992
9351033475,اکبر,اسدي,1000015910,0741-3331430,-,شاهد11 26	کهگيلويه وبويراحمد,کرمان,null,7591654993
9351138204,اسما,كريمي,1000015947,null,-,شاهد11 26	کهگيلويه وبويراحمد,آذربایجان غربی,null,7591654994
9351242933,احمد,احمدي,1000015984,0741-3331432,-,شاهد11 26	کهگيلويه وبويراحمد,تهران,تهران,7591654995
9351347662,علي,موسوي,1000016021,null,-,شاهد11 26	کهگيلويه وبويراحمد,مرکزی,null,7591654996
9351452391,مريم,حسني,1000016058,0741-3331434,-,شاهد11 26	کهگيلويه وبويراحمد,ايلام,null,7591654997
9351557120,زهرا,قاسمي,1000016095,null,-,شاهد11 26	کهگيلويه وبويراحمد,کهگيلويه وبويراحمد,null,7591654998
9351661849,رضا,جعفري,1000016132,0741-3331436,-,شاهد11 26	کهگيلويه وبويراحمد,کرمان,کرمان,7591654999
9351766578,سعيد,مرادي,1000016169,null,-,شاهد11 26	کهگيلويه وبويراحمد,آذربایجان غربی,null,7591655000
9351871307,نرگس,محمدي,1000016206,0741-3331438,-,شاهد11 26	کهگيلويه وبويراحمد,تهران,null,7591655001
9351976036,حسين,رضايي,1000016243,null,-,شاهد11 26	کهگيلويه وبويراحمد,مرکزی,null,7591655002
9352080765,فاطمه,اسدي,1000016280,0741-3331440,-,شاهد11 26	کهگيلويه وبويراحمد,ايلام,ايلام,7591655003
9352185494,محمد,كريمي,1000016317,null,-,شاهد11 26	کهگيلويه وبويراحمد,کهگيلويه وبويراحمد,null,7591655004
9352290223,اکبر,احمدي,1000016354,0741-3331442,-,شاهد11 26	کهگيلويه وبويراحمد,کرمان,null,7591655005
9352394952,اسما,موسوي,1000016391,null,-,شاهد11 26	کهگيلويه وبويراحمد,آذربایجان غربی,null,7591655006
9352499681,احمد,حسني,1000016428,0741-3331444,-,شاهد11 26	کهگيلويه وبويراحمد,تهران,تهران,7591655007
9352604410,علي,قاسمي,1000016465,null,-,شاهد11 26	کهگيلويه وبويراحمد,مرکزی,null,7591655008
9352709139,مريم,جعفري,1000016502,0741-3331446,-,شاهد11 26	کهگيلويه وبويراحمد,ايلام,null,7591655009
9352813868,زهرا,مرادي,1000016539,null,-,شاهد11 26	کهگيلويه وبويراحمد,کهگيلويه وبويراحمد,null,7591655010
9352918597,رضا,محمدي,1000016576,0741-3331448,-,شاهد11 26	کهگيلويه وبويراحمد,کرمان,کرمان,7591655011
9353023326,سعيد,رضايي,1000016613,null,-,شاهد11 26	کهگيلويه وبويراحمد,آذربایجان غربی,null,7591655012
9353128055,نرگس,اسدي,1000016650,0741-3331450,-,شاهد11 26	کهگيلويه وبويراحمد,تهران,null,7591655013
9353232784,حسين,كريمي,1000016687,null,-,شاهد11 26	کهگيلويه وبويراحمد,مرکزی,null,7591655014
9353337513,فاطمه,احمدي,1000016724,0741-3331452,-,شاهد11 26	کهگيلويه وبويراحمد,ايلام,ايلام,7591655015
9353442242,محمد,موسوي,1000016761,null,-,شاهد11 26	کهگيلويه وبويراحمد,کهگيلويه وبويراحمد,null,7591655016
9353546971,اکبر,حسني,1000016798,0741-3331454,-,شاهد11 26	کهگيلويه وبويراحمد,کرمان,null,7591655017
9353651700,اسما,قاسمي,1000016835,null,-,شاهد11 26	کهگيلويه وبويراحمد,آذربایجان غربی,null,7591655018
9353756429,احمد,جعفري,1000016872,0741-3331456,-,شاهد11 26	کهگيلويه وبويراحمد,تهران,تهران,7591655019
9353861158,علي,مرادي,1000016909,null,-,شاهد11 26	کهگيلويه وبويراحمد,مرکزی,null,7591655020
9353965887,مريم,محمدي,1000016946,0741-3331458,-,شاهد11 26	کهگيلويه وبويراحمد,ايلام,null,7591655021
9354070616,زهرا,رضايي,1000016983,null,-,شاهد11 26	کهگيلويه وبويراحمد,کهگيلويه وبويراحمد,null,7591655022
9354175345,رضا,اسدي,1000017020,0741-3331460,-,شاهد11 26	کهگيلويه وبويراحمد,کرمان,کرمان,7591655023
9354280074,سعيد,كريمي,1000017057,null,-,شاهد11 26	کهگيلويه وبويراحمد,آذربایجان غربی,null,7591655024
9354384803,نرگس,احمدي,1000017094,0741-3331462,-,شاهد11 26	کهگيلويه وبويراحمد,تهران,null,7591655025
9354489532,حسين,موسوي,1000017131,null,-,شاهد11 26	کهگيلويه وبويراحمد,مرکزی,null,7591655026
9354594261,فاطمه,حسني,1000017168,0741-3331464,-,شاهد11 26	کهگيلويه وبويراحمد,ايلام,ايلام,7591655027
9354698990,محمد,قاسمي,1000017205,null,-,شاهد11 26	کهگيلويه وبويراحمد,کهگيلويه وبويراحمد,null,7591655028
9354803719,اکبر,جعفري,1000017242,0741-3331466,-,شاهد11 26	کهگيلويه وبويراحمد,کرمان,null,7591655029
9354908448,اسما,مرادي,1000017279,null,-,شاهد11 26	کهگيلويه وبويراحمد,آذربایجان غربی,null,7591655030
9355013177,احمد,محمدي,1000017316,0741-3331468,-,شاهد11 26	کهگيلويه وبويراحمد,تهران,تهران,7591655031
9355117906,علي,رضايي,1000017353,null,-,شاهد11 26	کهگيلويه وبويراحمد,مرکزی,null,7591655032
9355222635,مريم,اسدي,1000017390,0741-3331470,-,شاهد11 26	کهگيلويه وبويراحمد,ايلام,null,7591655033
9355327364,زهرا,كريمي,1000017427,null,-,شاهد11 26	کهگيلويه وبويراحمد,کهگيلويه وبويراحمد,null,7591655034
9355432093,رضا,احمدي,1000017464,0741-3331472,-,شاهد11 26	کهگيلويه وبويراحمد,کرمان,کرمان,7591655035
9355536822,سعيد,موسوي,1000017501,null,-,شاهد11 26	کهگيلويه وبويراحمد,آذربایجان غربی,null,7591655036
9355641551,نرگس,حسني,1000017538,0741-3331474,-,شاهد11 26	کهگيلويه وبويراحمد,تهران,null,7591655037
9355746280,حسين,قاسمي,1000017575,null,-,شاهد11 26	کهگيلويه وبويراحمد,مرکزی,null,7591655038
9355851009,فاطمه,جعفري,1000017612,0741-3331476,-,شاهد11 26	کهگيلويه وبويراحمد,ايلام,ايلام,7591655039
9355955738,محمد,مرادي,1000017649,null,-,شاهد11 26	کهگيلويه وبويراحمد,کهگيلويه وبويراحمد,null,7591655040
9356060467,اکبر,محمدي,1000017686,0741-3331478,-,شاهد11 26	کهگيلويه وبويراحمد,کرمان,null,7591655041
9356165196,اسما,رضايي,1000017723,null,-,شاهد11 26	کهگيلويه وبويراحمد,آذربایجان غربی,null,7591655042
9356269925,احمد,اسدي,1000017760,0741-3331480,-,شاهد11 26	کهگيلويه وبويراحمد,تهران,تهران,7591655043
9356374654,علي,كريمي,1000017797,null,-,شاهد11 26	کهگيلويه وبويراحمد,مرکزی,null,7591655044
9356479383,مريم,احمدي,1000017834,0741-3331482,-,شاهد11 26	کهگيلويه وبويراحمد,ايلام,null,7591655045
9356584112,زهرا,موسوي,1000017871,null,-,شاهد11 26	کهگيلويه وبويراحمد,کهگيلويه وبويراحمد,null,7591655046
9356688841,رضا,حسني,1000017908,0741-3331484,-,شاهد11 26	کهگيلويه وبويراحمد,کرمان,کرمان,7591655047
9356793570,سعيد,قاسمي,1000017945,null,-,شاهد11 26	کهگيلويه وبويراحمد,آذربایجان غربی,null,7591655048
9356898299,نرگس,جعفري,1000017982,0741-3331486,-,شاهد11 26	کهگيلويه وبويراحمد,تهران,null,7591655049
9357003028,حسين,مرادي,1000018019,null,-,شاهد11 26	کهگيلويه وبويراحمد,مرکزی,null,7591655050
9357107757,فاطمه,محمدي,1000018056,0741-3331488,-,شاهد11 26	کهگيلويه وبويراحمد,ايلام,ايلام,7591655051
9357212486,محمد,رضايي,1000018093,null,-,شاهد11 26	کهگيلويه وبويراحمد,کهگيلويه وبويراحمد,null,7591655052
9357317215,اکبر,اسدي,1000018130,0741-3331490,-,شاهد11 26	کهگيلويه وبويراحمد,کرمان,null,7591655053
9357421944,اسما,كريمي,1000018167,null,-,شاهد11 26	کهگيلويه وبويراحمد,آذربایجان غربی,null,7591655054
9357526673,احمد,احمدي,1000018204,0741-3331492,-,شاهد11 26	کهگيلويه وبويراحمد,تهران,تهران,7591655055
9357631402,علي,موسوي,1000018241,null,-,شاهد11 26	کهگيلويه وبويراحمد,مرکزی,null,7591655056
9357736131,مريم,حسني,1000018278,0741-3331494,-,شاهد11 26	کهگيلويه وبويراحمد,ايلام,null,7591655057
9357840860,زهرا,قاسمي,1000018315,null,-,شاهد11 26	کهگيلويه وبويراحمد,کهگيلويه وبويراحمد,null,7591655058
9357945589,رضا,جعفري,1000018352,0741-3331496,-,شاهد11 26	کهگيلويه وبويراحمد,کرمان,کرمان,7591655059
9358050318,سعيد,مرادي,1000018389,null,-,شاهد11 26	کهگيلويه وبويراحمد,آذربایجان غربی,null,7591655060
9358155047,نرگس,محمدي,1000018426,0741-3331498,-,شاهد11 26	کهگيلويه وبويراحمد,تهران,null,7591655061
9358259776,حسين,رضايي,1000018463,null,-,شاهد11 26	کهگيلويه وبويراحمد,مرکزی,null,7591655062
