NATIONAL_CODE,CARD_NO,FULL_NAME,BIRTH_DATE,MOBILE
1000185000,6037991100000000,فاطمه اسدي,1360-06-15,09159595000
1000185037,6037991115485863,محمد كريمي,1361-07-16,09159602919
1000185074,6037991130971726,اکبر احمدي,1362-08-17,
1000185111,6037991146457589,اسما موسوي,1363-09-18,09159618757
1000185148,6037991161943452,احمد حسني,1364-01-10,09159626676
1000185185,6037991177429315,علي قاسمي,1365-02-11,
1000185222,6037991192915178,مريم جعفري,1366-03-12,09159642514
1000185259,6037991208401041,زهرا مرادي,1367-04-13,09159650433
1000185296,6037991223886904,رضا محمدي,1368-05-14,
1000185333,6037991239372767,سعيد رضايي,1369-06-15,09159666271
1000185370,6037991254858630,نرگس اسدي,1370-07-16,09159674190
1000185407,6037991270344493,حسين كريمي,1371-08-17,
1000185444,6037991285830356,فاطمه احمدي,1372-09-18,09159690028
1000185481,6037991301316219,محمد موسوي,1373-01-10,09159697947
1000185518,6037991316802082,اکبر حسني,1374-02-11,
1000185555,6037991332287945,اسما قاسمي,1375-03-12,09159713785
1000185592,6037991347773808,احمد جعفري,1376-04-13,09159721704
1000185629,6037991363259671,علي مرادي,1377-05-14,
1000185666,6037991378745534,مريم محمدي,1378-06-15,09159737542
1000185703,6037991394231397,زهرا رضايي,1379-07-16,09159745461
1000185740,6037991409717260,رضا اسدي,1380-08-17,
1000185777,6037991425203123,سعيد كريمي,1381-09-18,09159761299
1000185814,6037991440688986,نرگس احمدي,1382-01-10,09159769218
1000185851,6037991456174849,حسين موسوي,1383-02-11,
1000185888,6037991471660712,فاطمه حسني,1384-03-12,09159785056
1000185925,6037991487146575,محمد قاسمي,1385-04-13,09159792975
1000185962,6037991502632438,اکبر جعفري,1386-05-14,
1000185999,6037991518118301,اسما مرادي,1387-06-15,09159808813
1000186036,6037991533604164,احمد محمدي,1388-07-16,09159816732
1000186073,6037991549090027,علي رضايي,1389-08-17,
1000186110,6037991564575890,مريم اسدي,1390-09-18,09159832570
1000186147,6037991580061753,زهرا كريمي,1391-01-10,09159840489
1000186184,6037991595547616,رضا احمدي,1392-02-11,
1000186221,6037991611033479,سعيد موسوي,1393-03-12,09159856327
1000186258,6037991626519342,نرگس حسني,1394-04-13,09159864246
1000186295,6037991642005205,حسين قاسمي,1395-05-14,
1000186332,6037991657491068,فاطمه جعفري,1396-06-15,09159880084
1000186369,6037991672976931,محمد مرادي,1397-07-16,09159888003
1000186406,6037991688462794,اکبر محمدي,1398-08-17,
1000186443,6037991703948657,اسما رضايي,1399-09-18,09159903841
1000186480,6037991719434520,احمد اسدي,1340-01-10,09159911760
1000186517,6037991734920383,علي كريمي,1341-02-11,
1000186554,6037991750406246,مريم احمدي,1342-03-12,09159927598
1000186591,6037991765892109,زهرا موسوي,1343-04-13,09159935517
1000186628,6037991781377972,رضا حسني,1344-05-14,
1000186665,6037991796863835,سعيد قاسمي,1345-06-15,09159951355
1000186702,6037991812349698,نرگس جعفري,1346-07-16,09159959274
1000186739,6037991827835561,حسين مرادي,1347-08-17,
1000186776,6037991843321424,فاطمه محمدي,1348-09-18,09159975112
1000186813,6037991858807287,محمد رضايي,1349-01-10,09159983031
1000186850,6037991874293150,اکبر اسدي,1350-02-11,
1000186887,6037991889779013,اسما كريمي,1351-03-12,09159998869
1000186924,6037991905264876,احمد احمدي,1352-04-13,09160006788
1000186961,6037991920750739,علي موسوي,1353-05-14,
1000186998,6037991936236602,مريم حسني,1354-06-15,09160022626
1000187035,6037991951722465,زهرا قاسمي,1355-07-16,09160030545
1000187072,6037991967208328,رضا جعفري,1356-08-17,
1000187109,6037991982694191,سعيد مرادي,1357-09-18,09160046383
1000187146,6037991998180054,نرگس محمدي,1358-01-10,09160054302
1000187183,6037991113665918,حسين رضايي,1359-02-11,
1000187220,6037991129151781,فاطمه اسدي,1360-03-12,09160070140
1000187257,6037991144637644,محمد كريمي,1361-04-13,09160078059
1000187294,6037991160123507,اکبر احمدي,1362-05-14,
1000187331,6037991175609370,اسما موسوي,1363-06-15,09160093897
1000187368,6037991191095233,احمد حسني,1364-07-16,09160101816
1000187405,6037991206581096,علي قاسمي,1365-08-17,
1000187442,6037991222066959,مريم جعفري,1366-09-18,09160117654
1000187479,6037991237552822,زهرا مرادي,1367-01-10,09160125573
1000187516,6037991253038685,رضا محمدي,1368-02-11,
1000187553,6037991268524548,سعيد رضايي,1369-03-12,09160141411
1000187590,6037991284010411,نرگس اسدي,1370-04-13,09160149330
1000187627,6037991299496274,حسين كريمي,1371-05-14,
1000187664,6037991314982137,فاطمه احمدي,1372-06-15,09160165168
1000187701,6037991330468000,محمد موسوي,1373-07-16,09160173087
1000187738,6037991345953863,اکبر حسني,1374-08-17,
1000187775,6037991361439726,اسما قاسمي,1375-09-18,09160188925
1000187812,6037991376925589,احمد جعفري,1376-01-10,09160196844
1000187849,6037991392411452,علي مرادي,1377-02-11,
1000187886,6037991407897315,مريم محمدي,1378-03-12,09160212682
1000187923,6037991423383178,زهرا رضايي,1379-04-13,09160220601
1000187960,6037991438869041,رضا اسدي,1380-05-14,
1000187997,6037991454354904,سعيد كريمي,1381-06-15,09160236439
1000188034,6037991469840767,نرگس احمدي,1382-07-16,09160244358
1000188071,6037991485326630,حسين موسوي,1383-08-17,
1000188108,6037991500812493,فاطمه حسني,1384-09-18,09160260196
1000188145,6037991516298356,محمد قاسمي,1385-01-10,09160268115
1000188182,6037991531784219,اکبر جعفري,1386-02-11,
1000188219,6037991547270082,اسما مرادي,1387-03-12,09160283953
1000188256,6037991562755945,احمد محمدي,1388-04-13,09160291872
1000188293,6037991578241808,علي رضايي,1389-05-14,
1000188330,6037991593727671,مريم اسدي,1390-06-15,09160307710
1000188367,6037991609213534,زهرا كريمي,1391-07-16,09160315629
1000188404,6037991624699397,رضا احمدي,1392-08-17,
1000188441,6037991640185260,سعيد موسوي,1393-09-18,09160331467
1000188478,6037991655671123,نرگس حسني,1394-01-10,09160339386
1000188515,6037991671156986,حسين قاسمي,1395-02-11,
1000188552,6037991686642849,فاطمه جعفري,1396-03-12,09160355224
1000188589,6037991702128712,محمد مرادي,1397-04-13,09160363143
1000188626,6037991717614575,اکبر محمدي,1398-05-14,
1000188663,6037991733100438,اسما رضايي,1399-06-15,09160378981
1000188700,6037991748586301,احمد اسدي,1340-07-16,09160386900
1000188737,6037991764072164,علي كريمي,1341-08-17,
1000188774,6037991779558027,مريم احمدي,1342-09-18,09160402738
1000188811,6037991795043890,زهرا موسوي,1343-01-10,09160410657
1000188848,6037991810529753,رضا حسني,1344-02-11,
1000188885,6037991826015616,سعيد قاسمي,1345-03-12,09160426495
1000188922,6037991841501479,نرگس جعفري,1346-04-13,09160434414
1000188959,6037991856987342,حسين مرادي,1347-05-14,
1000188996,6037991872473205,فاطمه محمدي,1348-06-15,09160450252
1000189033,6037991887959068,محمد رضايي,1349-07-16,09160458171
1000189070,6037991903444931,اکبر اسدي,1350-08-17,
1000189107,6037991918930794,اسما كريمي,1351-09-18,09160474009
1000189144,6037991934416657,احمد احمدي,1352-01-10,09160481928
1000189181,6037991949902520,علي موسوي,1353-02-11,
1000189218,6037991965388383,مريم حسني,1354-03-12,09160497766
1000189255,6037991980874246,زهرا قاسمي,1355-04-13,09160505685
1000189292,6037991996360109,رضا جعفري,1356-05-14,
1000189329,6037991111845973,سعيد مرادي,1357-06-15,09160521523
1000189366,6037991127331836,نرگس محمدي,1358-07-16,09160529442
1000189403,6037991142817699,حسين رضايي,1359-08-17,
1000189440,6037991158303562,فاطمه اسدي,1360-09-18,09160545280
1000189477,6037991173789425,محمد كريمي,1361-01-10,09160553199
1000189514,6037991189275288,اکبر احمدي,1362-02-11,
1000189551,6037991204761151,اسما موسوي,1363-03-12,09160569037
1000189588,6037991220247014,احمد حسني,1364-04-13,09160576956
1000189625,6037991235732877,علي قاسمي,1365-05-14,
1000189662,6037991251218740,مريم جعفري,1366-06-15,09160592794
1000189699,6037991266704603,زهرا مرادي,1367-07-16,09160600713
1000189736,6037991282190466,رضا محمدي,1368-08-17,
1000189773,6037991297676329,سعيد رضايي,1369-09-18,09160616551
1000189810,6037991313162192,نرگس اسدي,1370-01-10,09160624470
1000189847,6037991328648055,حسين كريمي,1371-02-11,
1000189884,6037991344133918,فاطمه احمدي,1372-03-12,09160640308
1000189921,6037991359619781,محمد موسوي,1373-04-13,09160648227
1000189958,6037991375105644,اکبر حسني,1374-05-14,
1000189995,6037991390591507,اسما قاسمي,1375-06-15,09160664065
1000190032,6037991406077370,احمد جعفري,1376-07-16,09160671984
1000190069,6037991421563233,علي مرادي,1377-08-17,
1000190106,6037991437049096,مريم محمدي,1378-09-18,09160687822
1000190143,6037991452534959,زهرا رضايي,1379-01-10,09160695741
1000190180,6037991468020822,رضا اسدي,1380-02-11,
1000190217,6037991483506685,سعيد كريمي,1381-03-12,09160711579
1000190254,6037991498992548,نرگس احمدي,1382-04-13,09160719498
1000190291,6037991514478411,حسين موسوي,1383-05-14,
1000190328,6037991529964274,فاطمه حسني,1384-06-15,09160735336
1000190365,6037991545450137,محمد قاسمي,1385-07-16,09160743255
1000190402,6037991560936000,اکبر جعفري,1386-08-17,
1000190439,6037991576421863,اسما مرادي,1387-09-18,09160759093
1000190476,6037991591907726,احمد محمدي,1388-01-10,09160767012
1000190513,6037991607393589,علي رضايي,1389-02-11,
1000190550,6037991622879452,مريم اسدي,1390-03-12,09160782850
1000190587,6037991638365315,زهرا كريمي,1391-04-13,09160790769
1000190624,6037991653851178,رضا احمدي,1392-05-14,
1000190661,6037991669337041,سعيد موسوي,1393-06-15,09160806607
1000190698,6037991684822904,نرگس حسني,1394-07-16,09160814526
1000190735,6037991700308767,حسين قاسمي,1395-08-17,
1000190772,6037991715794630,فاطمه جعفري,1396-09-18,09160830364
1000190809,6037991731280493,محمد مرادي,1397-01-10,09160838283
1000190846,6037991746766356,اکبر محمدي,1398-02-11,
1000190883,6037991762252219,اسما رضايي,1399-03-12,09160854121
1000190920,6037991777738082,احمد اسدي,1340-04-13,09160862040
1000190957,6037991793223945,علي كريمي,1341-05-14,
1000190994,6037991808709808,مريم احمدي,1342-06-15,09160877878
1000191031,6037991824195671,زهرا موسوي,1343-07-16,09160885797
1000191068,6037991839681534,رضا حسني,1344-08-17,
1000191105,6037991855167397,سعيد قاسمي,1345-09-18,09160901635
1000191142,6037991870653260,نرگس جعفري,1346-01-10,09160909554
1000191179,6037991886139123,حسين مرادي,1347-02-11,
1000191216,6037991901624986,فاطمه محمدي,1348-03-12,09160925392
1000191253,6037991917110849,محمد رضايي,1349-04-13,09160933311
1000191290,6037991932596712,اکبر اسدي,1350-05-14,
1000191327,6037991948082575,اسما كريمي,1351-06-15,09160949149
1000191364,6037991963568438,احمد احمدي,1352-07-16,09160957068
1000191401,6037991979054301,علي موسوي,1353-08-17,
1000191438,6037991994540164,مريم حسني,1354-09-18,09160972906
1000191475,6037991110026028,زهرا قاسمي,1355-01-10,09160980825
1000191512,6037991125511891,رضا جعفري,1356-02-11,
1000191549,6037991140997754,سعيد مرادي,1357-03-12,09160996663
1000191586,6037991156483617,نرگس محمدي,1358-04-13,09161004582
1000191623,6037991171969480,حسين رضايي,1359-05-14,
1000191660,6037991187455343,فاطمه اسدي,1360-06-15,09161020420
1000191697,6037991202941206,محمد كريمي,1361-07-16,09161028339
1000191734,6037991218427069,اکبر احمدي,1362-08-17,
1000191771,6037991233912932,اسما موسوي,1363-09-18,09161044177
1000191808,6037991249398795,احمد حسني,1364-01-10,09161052096
1000191845,6037991264884658,علي قاسمي,1365-02-11,
1000191882,6037991280370521,مريم جعفري,1366-03-12,09161067934
1000191919,6037991295856384,زهرا مرادي,1367-04-13,09161075853
1000191956,6037991311342247,رضا محمدي,1368-05-14,
1000191993,6037991326828110,سعيد رضايي,1369-06-15,09161091691
1000192030,6037991342313973,نرگس اسدي,1370-07-16,09161099610
1000192067,6037991357799836,حسين كريمي,1371-08-17,
1000192104,6037991373285699,فاطمه احمدي,1372-09-18,09161115448
1000192141,6037991388771562,محمد موسوي,1373-01-10,09161123367
1000192178,6037991404257425,اکبر حسني,1374-02-11,
1000192215,6037991419743288,اسما قاسمي,1375-03-12,09161139205
1000192252,6037991435229151,احمد جعفري,1376-04-13,09161147124
1000192289,6037991450715014,علي مرادي,1377-05-14,
1000192326,6037991466200877,مريم محمدي,1378-06-15,09161162962
1000192363,6037991481686740,زهرا رضايي,1379-07-16,09161170881
1000192400,6037991497172603,رضا اسدي,1380-08-17,
1000192437,6037991512658466,سعيد كريمي,1381-09-18,09161186719
1000192474,6037991528144329,نرگس احمدي,1382-01-10,09161194638
1000192511,6037991543630192,حسين موسوي,1383-02-11,
1000192548,6037991559116055,فاطمه حسني,1384-03-12,09161210476
1000192585,6037991574601918,محمد قاسمي,1385-04-13,09161218395
1000192622,6037991590087781,اکبر جعفري,1386-05-14,
1000192659,6037991605573644,اسما مرادي,1387-06-15,09161234233
1000192696,6037991621059507,احمد محمدي,1388-07-16,09161242152
1000192733,6037991636545370,علي رضايي,1389-08-17,
1000192770,6037991652031233,مريم اسدي,1390-09-18,09161257990
1000192807,6037991667517096,زهرا كريمي,1391-01-10,09161265909
1000192844,6037991683002959,رضا احمدي,1392-02-11,
1000192881,6037991698488822,سعيد موسوي,1393-03-12,09161281747
1000192918,6037991713974685,نرگس حسني,1394-04-13,09161289666
1000192955,6037991729460548,حسين قاسمي,1395-05-14,
1000192992,6037991744946411,فاطمه جعفري,1396-06-15,09161305504
1000193029,6037991760432274,محمد مرادي,1397-07-16,09161313423
1000193066,6037991775918137,اکبر محمدي,1398-08-17,
1000193103,6037991791404000,اسما رضايي,1399-09-18,09161329261
1000193140,6037991806889863,احمد اسدي,1340-01-10,09161337180
1000193177,6037991822375726,علي كريمي,1341-02-11,
1000193214,6037991837861589,مريم احمدي,1342-03-12,09161353018
1000193251,6037991853347452,زهرا موسوي,1343-04-13,09161360937
1000193288,6037991868833315,رضا حسني,1344-05-14,
1000193325,6037991884319178,سعيد قاسمي,1345-06-15,09161376775
1000193362,6037991899805041,نرگس جعفري,1346-07-16,09161384694
1000193399,6037991915290904,حسين مرادي,1347-08-17,
1000193436,6037991930776767,فاطمه محمدي,1348-09-18,09161400532
1000193473,6037991946262630,محمد رضايي,1349-01-10,09161408451
1000193510,6037991961748493,اکبر اسدي,1350-02-11,
1000193547,6037991977234356,اسما كريمي,1351-03-12,09161424289
1000193584,6037991992720219,احمد احمدي,1352-04-13,09161432208
1000193621,6037991108206083,علي موسوي,1353-05-14,
1000193658,6037991123691946,مريم حسني,1354-06-15,09161448046
1000193695,6037991139177809,زهرا قاسمي,1355-07-16,09161455965
1000193732,6037991154663672,رضا جعفري,1356-08-17,
1000193769,6037991170149535,سعيد مرادي,1357-09-18,09161471803
1000193806,6037991185635398,نرگس محمدي,1358-01-10,09161479722
1000193843,6037991201121261,حسين رضايي,1359-02-11,
1000193880,6037991216607124,فاطمه اسدي,1360-03-12,09161495560
1000193917,6037991232092987,محمد كريمي,1361-04-13,09161503479
1000193954,6037991247578850,اکبر احمدي,1362-05-14,
1000193991,6037991263064713,اسما موسوي,1363-06-15,09161519317
1000194028,6037991278550576,احمد حسني,1364-07-16,09161527236
1000194065,6037991294036439,علي قاسمي,1365-08-17,
1000194102,6037991309522302,مريم جعفري,1366-09-18,09161543074
1000194139,6037991325008165,زهرا مرادي,1367-01-10,09161550993
1000194176,6037991340494028,رضا محمدي,1368-02-11,
1000194213,6037991355979891,سعيد رضايي,1369-03-12,09161566831
1000194250,6037991371465754,نرگس اسدي,1370-04-13,09161574750
1000194287,6037991386951617,حسين كريمي,1371-05-14,
1000194324,6037991402437480,فاطمه احمدي,1372-06-15,09161590588
1000194361,6037991417923343,محمد موسوي,1373-07-16,09161598507
1000194398,6037991433409206,اکبر حسني,1374-08-17,
1000194435,6037991448895069,اسما قاسمي,1375-09-18,09161614345
1000194472,6037991464380932,احمد جعفري,1376-01-10,09161622264
1000194509,6037991479866795,علي مرادي,1377-02-11,
1000194546,6037991495352658,مريم محمدي,1378-03-12,09161638102
1000194583,6037991510838521,زهرا رضايي,1379-04-13,09161646021
1000194620,6037991526324384,رضا اسدي,1380-05-14,
1000194657,6037991541810247,سعيد كريمي,1381-06-15,09161661859
1000194694,6037991557296110,نرگس احمدي,1382-07-16,09161669778
1000194731,6037991572781973,حسين موسوي,1383-08-17,
1000194768,6037991588267836,فاطمه حسني,1384-09-18,09161685616
1000194805,6037991603753699,محمد قاسمي,1385-01-10,09161693535
1000194842,6037991619239562,اکبر جعفري,1386-02-11,
1000194879,6037991634725425,اسما مرادي,1387-03-12,09161709373
1000194916,6037991650211288,احمد محمدي,1388-04-13,09161717292
1000194953,6037991665697151,علي رضايي,1389-05-14,
1000194990,6037991681183014,مريم اسدي,1390-06-15,09161733130
1000195027,6037991696668877,زهرا كريمي,1391-07-16,09161741049
1000195064,6037991712154740,رضا احمدي,1392-08-17,
1000195101,6037991727640603,سعيد موسوي,1393-09-18,09161756887
1000195138,6037991743126466,نرگس حسني,1394-01-10,09161764806
1000195175,6037991758612329,حسين قاسمي,1395-02-11,
1000195212,6037991774098192,فاطمه جعفري,1396-03-12,09161780644
1000195249,6037991789584055,محمد مرادي,1397-04-13,09161788563
1000195286,6037991805069918,اکبر محمدي,1398-05-14,
1000195323,6037991820555781,اسما رضايي,1399-06-15,09161804401
1000195360,6037991836041644,احمد اسدي,1340-07-16,09161812320
1000195397,6037991851527507,علي كريمي,1341-08-17,
1000195434,6037991867013370,مريم احمدي,1342-09-18,09161828158
1000195471,6037991882499233,زهرا موسوي,1343-01-10,09161836077
1000195508,6037991897985096,رضا حسني,1344-02-11,
1000195545,6037991913470959,سعيد قاسمي,1345-03-12,09161851915
1000195582,6037991928956822,نرگس جعفري,1346-04-13,09161859834
1000195619,6037991944442685,حسين مرادي,1347-05-14,
1000195656,6037991959928548,فاطمه محمدي,1348-06-15,09161875672
1000195693,6037991975414411,محمد رضايي,1349-07-16,09161883591
1000195730,6037991990900274,اکبر اسدي,1350-08-17,
1000195767,6037991106386138,اسما كريمي,1351-09-18,09161899429
1000195804,6037991121872001,احمد احمدي,1352-01-10,09161907348
1000195841,6037991137357864,علي موسوي,1353-02-11,
1000195878,6037991152843727,مريم حسني,1354-03-12,09161923186
1000195915,6037991168329590,زهرا قاسمي,1355-04-13,09161931105
1000195952,6037991183815453,رضا جعفري,1356-05-14,
1000195989,6037991199301316,سعيد مرادي,1357-06-15,09161946943
1000196026,6037991214787179,نرگس محمدي,1358-07-16,09161954862
1000196063,6037991230273042,حسين رضايي,1359-08-17,
,,,,
