NATIONAL_CODE,ACCOUNT_NUMBER,FULL_NAME,FATHER_NAME,ID_NUMBER,BIRTH_DATE,CITY_NAME,PROVINCE_NAME,BIRTH_CITY,BIRTH_PROVINCE,ADDRESS,CARD_NO,MOBILE
1000000000,1132715732,احمد اسدي,احمد,100,1340-01-10,None,None,اراک,مرکزی,تهران خ كمرزاده پلاک 0,6104337100000000,09120000000
1000000037,1132715733,علي كريمي,حسين,101,1341-02-11,اراک,مرکزی,ايلام,ايلام,اراک خ كمرزاده پلاک 1,6104337100104729,09120007919
1000000074,1132715734,مريم احمدي,مريم,102,1342-03-12,ايلام,ايلام,ياسوج,کهگيلويه وبويراحمد,ايلام خ كمرزاده پلاک 2,6104337100209458,09120015838
1000000111,1132715735,زهرا موسوي,محمد,103,1343-04-13,ياسوج,کهگيلويه وبويراحمد,کرمان,کرمان,ياسوج خ كمرزاده پلاک 3,6104337100314187,09120023757
1000000148,1132715736,رضا حسني,رضا,104,1344-05-14,کرمان,کرمان,سلماس,آذربایجان غربی,کرمان خ كمرزاده پلاک 4,6104337100418916,09120031676
1000000185,1132715737,سعيد قاسمي,اسما,105,1345-06-15,None,None,تهران,تهران,سلماس خ كمرزاده پلاک 5,6104337100523645,09120039595
1000000222,1132715738,نرگس جعفري,نرگس,106,1346-07-16,تهران,تهران,اراک,مرکزی,تهران خ كمرزاده پلاک 6,6104337100628374,09120047514
1000000259,1132715739,حسين مرادي,علي,107,1347-08-17,اراک,مرکزی,ايلام,ايلام,اراک خ كمرزاده پلاک 7,6104337100733103,09120055433
1000000296,1132715740,فاطمه محمدي,فاطمه,108,1348-09-18,ايلام,ايلام,ياسوج,کهگيلويه وبويراحمد,ايلام خ كمرزاده پلاک 8,6104337100837832,09120063352
1000000333,1132715741,محمد رضايي,زهرا,109,1349-01-10,ياسوج,کهگيلويه وبويراحمد,کرمان,کرمان,ياسوج خ كمرزاده پلاک 9,6104337100942561,09120071271
1000000370,1132715742,اکبر اسدي,اکبر,110,1350-02-11,None,None,سلماس,آذربایجان غربی,کرمان خ كمرزاده پلاک 10,6104337101047290,09120079190
1000000407,1132715743,اسما كريمي,سعيد,111,1351-03-12,سلماس,آذربایجان غربی,تهران,تهران,سلماس خ كمرزاده پلاک 11,6104337101152019,09120087109
1000000444,1132715744,احمد احمدي,احمد,112,1352-04-13,تهران,تهران,اراک,مرکزی,تهران خ كمرزاده پلاک 12,6104337101256748,09120095028
1000000481,1132715745,علي موسوي,حسين,113,1353-05-14,اراک,مرکزی,ايلام,ايلام,اراک خ كمرزاده پلاک 13,6104337101361477,09120102947
1000000518,1132715746,مريم حسني,مريم,114,1354-06-15,ايلام,ايلام,ياسوج,کهگيلويه وبويراحمد,ايلام خ كمرزاده پلاک 14,6104337101466206,09120110866
1000000555,1132715747,زهرا قاسمي,محمد,115,1355-07-16,None,None,کرمان,کرمان,ياسوج خ كمرزاده پلاک 15,6104337101570935,09120118785
1000000592,1132715748,رضا جعفري,رضا,116,1356-08-17,کرمان,کرمان,سلماس,آذربایجان غربی,کرمان خ كمرزاده پلاک 16,6104337101675664,09120126704
1000000629,1132715749,سعيد مرادي,اسما,117,1357-09-18,سلماس,آذربایجان غربی,تهران,تهران,سلماس خ كمرزاده پلاک 17,6104337101780393,09120134623
1000000666,1132715750,نرگس محمدي,نرگس,118,1358-01-10,تهران,تهران,اراک,مرکزی,تهران خ كمرزاده پلاک 18,6104337101885122,09120142542
1000000703,1132715751,حسين رضايي,علي,119,1359-02-11,اراک,مرکزی,ايلام,ايلام,اراک خ كمرزاده پلاک 19,6104337101989851,09120150461
1000000740,1132715752,فاطمه اسدي,فاطمه,120,1360-03-12,None,None,ياسوج,کهگيلويه وبويراحمد,ايلام خ كمرزاده پلاک 20,6104337102094580,09120158380
1000000777,1132715753,محمد كريمي,زهرا,121,1361-04-13,ياسوج,کهگيلويه وبويراحمد,کرمان,کرمان,ياسوج خ كمرزاده پلاک 21,6104337102199309,09120166299
1000000814,1132715754,اکبر احمدي,اکبر,122,1362-05-14,کرمان,کرمان,سلماس,آذربایجان غربی,کرمان خ كمرزاده پلاک 22,6104337102304038,09120174218
1000000851,1132715755,اسما موسوي,سعيد,123,1363-06-15,سلماس,آذربایجان غربی,تهران,تهران,سلماس خ كمرزاده پلاک 23,6104337102408767,09120182137
1000000888,1132715756,احمد حسني,احمد,124,1364-07-16,تهران,تهران,اراک,مرکزی,تهران خ كمرزاده پلاک 24,6104337102513496,09120190056
1000000925,1132715757,علي قاسمي,حسين,125,1365-08-17,None,None,ايلام,ايلام,اراک خ كمرزاده پلاک 25,6104337102618225,09120197975
1000000962,1132715758,مريم جعفري,مريم,126,1366-09-18,ايلام,ايلام,ياسوج,کهگيلويه وبويراحمد,ايلام خ كمرزاده پلاک 26,6104337102722954,09120205894
1000000999,1132715759,زهرا مرادي,محمد,127,1367-01-10,ياسوج,کهگيلويه وبويراحمد,کرمان,کرمان,ياسوج خ كمرزاده پلاک 27,6104337102827683,09120213813
1000001036,1132715760,رضا محمدي,رضا,128,1368-02-11,کرمان,کرمان,سلماس,آذربایجان غربی,کرمان خ كمرزاده پلاک 28,6104337102932412,09120221732
1000001073,1132715761,سعيد رضايي,اسما,129,1369-03-12,سلماس,آذربایجان غربی,تهران,تهران,سلماس خ كمرزاده پلاک 29,6104337103037141,09120229651
1000001110,1132715762,نرگس اسدي,نرگس,130,1370-04-13,None,None,اراک,مرکزی,تهران خ كمرزاده پلاک 30,6104337103141870,09120237570
1000001147,1132715763,حسين كريمي,علي,131,1371-05-14,اراک,مرکزی,ايلام,ايلام,اراک خ كمرزاده پلاک 31,6104337103246599,09120245489
1000001184,1132715764,فاطمه احمدي,فاطمه,132,1372-06-15,ايلام,ايلام,ياسوج,کهگيلويه وبويراحمد,ايلام خ كمرزاده پلاک 32,6104337103351328,09120253408
1000001221,1132715765,محمد موسوي,زهرا,133,1373-07-16,ياسوج,کهگيلويه وبويراحمد,کرمان,کرمان,ياسوج خ كمرزاده پلاک 33,6104337103456057,09120261327
1000001258,1132715766,اکبر حسني,اکبر,134,1374-08-17,کرمان,کرمان,سلماس,آذربایجان غربی,کرمان خ كمرزاده پلاک 34,6104337103560786,09120269246
1000001295,1132715767,اسما قاسمي,سعيد,135,1375-09-18,None,None,تهران,تهران,سلماس خ كمرزاده پلاک 35,6104337103665515,09120277165
1000001332,1132715768,احمد جعفري,احمد,136,1376-01-10,تهران,تهران,اراک,مرکزی,تهران خ كمرزاده پلاک 36,6104337103770244,09120285084
1000001369,1132715769,علي مرادي,حسين,137,1377-02-11,اراک,مرکزی,ايلام,ايلام,اراک خ كمرزاده پلاک 37,6104337103874973,09120293003
1000001406,1132715770,مريم محمدي,مريم,138,1378-03-12,ايلام,ايلام,ياسوج,کهگيلويه وبويراحمد,ايلام خ كمرزاده پلاک 38,6104337103979702,09120300922
1000001443,1132715771,زهرا رضايي,محمد,139,1379-04-13,ياسوج,کهگيلويه وبويراحمد,کرمان,کرمان,ياسوج خ كمرزاده پلاک 39,6104337104084431,09120308841
1000001480,1132715772,رضا اسدي,رضا,140,1380-05-14,None,None,سلماس,آذربایجان غربی,کرمان خ كمرزاده پلاک 40,6104337104189160,09120316760
1000001517,1132715773,سعيد كريمي,اسما,141,1381-06-15,سلماس,آذربایجان غربی,تهران,تهران,سلماس خ كمرزاده پلاک 41,6104337104293889,09120324679
1000001554,1132715774,نرگس احمدي,نرگس,142,1382-07-16,تهران,تهران,اراک,مرکزی,تهران خ كمرزاده پلاک 42,6104337104398618,09120332598
1000001591,1132715775,حسين موسوي,علي,143,1383-08-17,اراک,مرکزی,ايلام,ايلام,اراک خ كمرزاده پلاک 43,6104337104503347,09120340517
1000001628,1132715776,فاطمه حسني,فاطمه,144,1384-09-18,ايلام,ايلام,ياسوج,کهگيلويه وبويراحمد,ايلام خ كمرزاده پلاک 44,6104337104608076,09120348436
1000001665,1132715777,محمد قاسمي,زهرا,145,1385-01-10,None,None,کرمان,کرمان,ياسوج خ كمرزاده پلاک 45,6104337104712805,09120356355
1000001702,1132715778,اکبر جعفري,اکبر,146,1386-02-11,کرمان,کرمان,سلماس,آذربایجان غربی,کرمان خ كمرزاده پلاک 46,6104337104817534,09120364274
1000001739,1132715779,اسما مرادي,سعيد,147,1387-03-12,سلماس,آذربایجان غربی,تهران,تهران,سلماس خ كمرزاده پلاک 47,6104337104922263,09120372193
1000001776,1132715780,احمد محمدي,احمد,148,1388-04-13,تهران,تهران,اراک,مرکزی,تهران خ كمرزاده پلاک 48,6104337105026992,09120380112
1000001813,1132715781,علي رضايي,حسين,149,1389-05-14,اراک,مرکزی,ايلام,ايلام,اراک خ كمرزاده پلاک 49,6104337105131721,09120388031
1000001850,1132715782,مريم اسدي,مريم,150,1390-06-15,None,None,ياسوج,کهگيلويه وبويراحمد,ايلام خ كمرزاده پلاک 50,6104337105236450,09120395950
1000001887,1132715783,زهرا كريمي,محمد,151,1391-07-16,ياسوج,کهگيلويه وبويراحمد,کرمان,کرمان,ياسوج خ كمرزاده پلاک 51,6104337105341179,09120403869
1000001924,1132715784,رضا احمدي,رضا,152,1392-08-17,کرمان,کرمان,سلماس,آذربایجان غربی,کرمان خ كمرزاده پلاک 52,6104337105445908,09120411788
1000001961,1132715785,سعيد موسوي,اسما,153,1393-09-18,سلماس,آذربایجان غربی,تهران,تهران,سلماس خ كمرزاده پلاک 53,6104337105550637,09120419707
1000001998,1132715786,نرگس حسني,نرگس,154,1394-01-10,تهران,تهران,اراک,مرکزی,تهران خ كمرزاده پلاک 54,6104337105655366,09120427626
1000002035,1132715787,حسين قاسمي,علي,155,1395-02-11,None,None,ايلام,ايلام,اراک خ كمرزاده پلاک 55,6104337105760095,09120435545
1000002072,1132715788,فاطمه جعفري,فاطمه,156,1396-03-12,ايلام,ايلام,ياسوج,کهگيلويه وبويراحمد,ايلام خ كمرزاده پلاک 56,6104337105864824,09120443464
1000002109,1132715789,محمد مرادي,زهرا,157,1397-04-13,ياسوج,کهگيلويه وبويراحمد,کرمان,کرمان,ياسوج خ كمرزاده پلاک 57,6104337105969553,09120451383
1000002146,1132715790,اکبر محمدي,اکبر,158,1398-05-14,کرمان,کرمان,سلماس,آذربایجان غربی,کرمان خ كمرزاده پلاک 58,6104337106074282,09120459302
1000002183,1132715791,اسما رضايي,سعيد,159,1399-06-15,سلماس,آذربایجان غربی,تهران,تهران,سلماس خ كمرزاده پلاک 59,6104337106179011,09120467221
1000002220,1132715792,احمد اسدي,احمد,160,1340-07-16,None,None,اراک,مرکزی,تهران خ كمرزاده پلاک 60,6104337106283740,09120475140
1000002257,1132715793,علي كريمي,حسين,161,1341-08-17,اراک,مرکزی,ايلام,ايلام,اراک خ كمرزاده پلاک 61,6104337106388469,09120483059
1000002294,1132715794,مريم احمدي,مريم,162,1342-09-18,ايلام,ايلام,ياسوج,کهگيلويه وبويراحمد,ايلام خ كمرزاده پلاک 62,6104337106493198,09120490978
1000002331,1132715795,زهرا موسوي,محمد,163,1343-01-10,ياسوج,کهگيلويه وبويراحمد,کرمان,کرمان,ياسوج خ كمرزاده پلاک 63,6104337106597927,09120498897
1000002368,1132715796,رضا حسني,رضا,164,1344-02-11,کرمان,کرمان,سلماس,آذربایجان غربی,کرمان خ كمرزاده پلاک 64,6104337106702656,09120506816
1000002405,1132715797,سعيد قاسمي,اسما,165,1345-03-12,None,None,تهران,تهران,سلماس خ كمرزاده پلاک 65,6104337106807385,09120514735
1000002442,1132715798,نرگس جعفري,نرگس,166,1346-04-13,تهران,تهران,اراک,مرکزی,تهران خ كمرزاده پلاک 66,6104337106912114,09120522654
1000002479,1132715799,حسين مرادي,علي,167,1347-05-14,اراک,مرکزی,ايلام,ايلام,اراک خ كمرزاده پلاک 67,6104337107016843,09120530573
1000002516,1132715800,فاطمه محمدي,فاطمه,168,1348-06-15,ايلام,ايلام,ياسوج,کهگيلويه وبويراحمد,ايلام خ كمرزاده پلاک 68,6104337107121572,09120538492
1000002553,1132715801,محمد رضايي,زهرا,169,1349-07-16,ياسوج,کهگيلويه وبويراحمد,کرمان,کرمان,ياسوج خ كمرزاده پلاک 69,6104337107226301,09120546411
1000002590,1132715802,اکبر اسدي,اکبر,170,1350-08-17,None,None,سلماس,آذربایجان غربی,کرمان خ كمرزاده پلاک 70,6104337107331030,09120554330
1000002627,1132715803,اسما كريمي,سعيد,171,1351-09-18,سلماس,آذربایجان غربی,تهران,تهران,سلماس خ كمرزاده پلاک 71,6104337107435759,09120562249
1000002664,1132715804,احمد احمدي,احمد,172,1352-01-10,تهران,تهران,اراک,مرکزی,تهران خ كمرزاده پلاک 72,6104337107540488,09120570168
1000002701,1132715805,علي موسوي,حسين,173,1353-02-11,اراک,مرکزی,ايلام,ايلام,اراک خ كمرزاده پلاک 73,6104337107645217,09120578087
1000002738,1132715806,مريم حسني,مريم,174,1354-03-12,ايلام,ايلام,ياسوج,کهگيلويه وبويراحمد,ايلام خ كمرزاده پلاک 74,6104337107749946,09120586006
1000002775,1132715807,زهرا قاسمي,محمد,175,1355-04-13,None,None,کرمان,کرمان,ياسوج خ كمرزاده پلاک 75,6104337107854675,09120593925
1000002812,1132715808,رضا جعفري,رضا,176,1356-05-14,کرمان,کرمان,سلماس,آذربایجان غربی,کرمان خ كمرزاده پلاک 76,6104337107959404,09120601844
1000002849,1132715809,سعيد مرادي,اسما,177,1357-06-15,سلماس,آذربایجان غربی,تهران,تهران,سلماس خ كمرزاده پلاک 77,6104337108064133,09120609763
1000002886,1132715810,نرگس محمدي,نرگس,178,1358-07-16,تهران,تهران,اراک,مرکزی,تهران خ كمرزاده پلاک 78,6104337108168862,09120617682
1000002923,1132715811,حسين رضايي,علي,179,1359-08-17,اراک,مرکزی,ايلام,ايلام,اراک خ كمرزاده پلاک 79,6104337108273591,09120625601
1000002960,1132715812,فاطمه اسدي,فاطمه,180,1360-09-18,None,None,ياسوج,کهگيلويه وبويراحمد,ايلام خ كمرزاده پلاک 80,6104337108378320,09120633520
1000002997,1132715813,محمد كريمي,زهرا,181,1361-01-10,ياسوج,کهگيلويه وبويراحمد,کرمان,کرمان,ياسوج خ كمرزاده پلاک 81,6104337108483049,09120641439
1000003034,1132715814,اکبر احمدي,اکبر,182,1362-02-11,کرمان,کرمان,سلماس,آذربایجان غربی,کرمان خ كمرزاده پلاک 82,6104337108587778,09120649358
1000003071,1132715815,اسما موسوي,سعيد,183,1363-03-12,سلماس,آذربایجان غربی,تهران,تهران,سلماس خ كمرزاده پلاک 83,6104337108692507,09120657277
1000003108,1132715816,احمد حسني,احمد,184,1364-04-13,تهران,تهران,اراک,مرکزی,تهران خ كمرزاده پلاک 84,6104337108797236,09120665196
1000003145,1132715817,علي قاسمي,حسين,185,1365-05-14,None,None,ايلام,ايلام,اراک خ كمرزاده پلاک 85,6104337108901965,09120673115
1000003182,1132715818,مريم جعفري,مريم,186,1366-06-15,ايلام,ايلام,ياسوج,کهگيلويه وبويراحمد,ايلام خ كمرزاده پلاک 86,6104337109006694,09120681034
1000003219,1132715819,زهرا مرادي,محمد,187,1367-07-16,ياسوج,کهگيلويه وبويراحمد,کرمان,کرمان,ياسوج خ كمرزاده پلاک 87,6104337109111423,09120688953
1000003256,1132715820,رضا محمدي,رضا,188,1368-08-17,کرمان,کرمان,سلماس,آذربایجان غربی,کرمان خ كمرزاده پلاک 88,6104337109216152,09120696872
1000003293,1132715821,سعيد رضايي,اسما,189,1369-09-18,سلماس,آذربایجان غربی,تهران,تهران,سلماس خ كمرزاده پلاک 89,6104337109320881,09120704791
1000003330,1132715822,نرگس اسدي,نرگس,190,1370-01-10,None,None,اراک,مرکزی,تهران خ كمرزاده پلاک 90,6104337109425610,09120712710
1000003367,1132715823,حسين كريمي,علي,191,1371-02-11,اراک,مرکزی,ايلام,ايلام,اراک خ كمرزاده پلاک 91,6104337109530339,09120720629
1000003404,1132715824,فاطمه احمدي,فاطمه,192,1372-03-12,ايلام,ايلام,ياسوج,کهگيلويه وبويراحمد,ايلام خ كمرزاده پلاک 92,6104337109635068,09120728548
1000003441,1132715825,محمد موسوي,زهرا,193,1373-04-13,ياسوج,کهگيلويه وبويراحمد,کرمان,کرمان,ياسوج خ كمرزاده پلاک 93,6104337109739797,09120736467
1000003478,1132715826,اکبر حسني,اکبر,194,1374-05-14,کرمان,کرمان,سلماس,آذربایجان غربی,کرمان خ كمرزاده پلاک 94,6104337109844526,09120744386
1000003515,1132715827,اسما قاسمي,سعيد,195,1375-06-15,None,None,تهران,تهران,سلماس خ كمرزاده پلاک 95,6104337109949255,09120752305
1000003552,1132715828,احمد جعفري,احمد,196,1376-07-16,تهران,تهران,اراک,مرکزی,تهران خ كمرزاده پلاک 96,6104337110053984,09120760224
1000003589,1132715829,علي مرادي,حسين,197,1377-08-17,اراک,مرکزی,ايلام,ايلام,اراک خ كمرزاده پلاک 97,6104337110158713,09120768143
1000003626,1132715830,مريم محمدي,مريم,198,1378-09-18,ايلام,ايلام,ياسوج,کهگيلويه وبويراحمد,ايلام خ كمرزاده پلاک 98,6104337110263442,09120776062
1000003663,1132715831,زهرا رضايي,محمد,199,1379-01-10,ياسوج,کهگيلويه وبويراحمد,کرمان,کرمان,ياسوج خ كمرزاده پلاک 99,6104337110368171,09120783981
1000003700,1132715832,رضا اسدي,رضا,200,1380-02-11,None,None,سلماس,آذربایجان غربی,کرمان خ كمرزاده پلاک 100,6104337110472900,09120791900
1000003737,1132715833,سعيد كريمي,اسما,201,1381-03-12,سلماس,آذربایجان غربی,تهران,تهران,سلماس خ كمرزاده پلاک 101,6104337110577629,09120799819
1000003774,1132715834,نرگس احمدي,نرگس,202,1382-04-13,تهران,تهران,اراک,مرکزی,تهران خ كمرزاده پلاک 102,6104337110682358,09120807738
1000003811,1132715835,حسين موسوي,علي,203,1383-05-14,اراک,مرکزی,ايلام,ايلام,اراک خ كمرزاده پلاک 103,6104337110787087,09120815657
1000003848,1132715836,فاطمه حسني,فاطمه,204,1384-06-15,ايلام,ايلام,ياسوج,کهگيلويه وبويراحمد,ايلام خ كمرزاده پلاک 104,6104337110891816,09120823576
1000003885,1132715837,محمد قاسمي,زهرا,205,1385-07-16,None,None,کرمان,کرمان,ياسوج خ كمرزاده پلاک 105,6104337110996545,09120831495
1000003922,1132715838,اکبر جعفري,اکبر,206,1386-08-17,کرمان,کرمان,سلماس,آذربایجان غربی,کرمان خ كمرزاده پلاک 106,6104337111101274,09120839414
1000003959,1132715839,اسما مرادي,سعيد,207,1387-09-18,سلماس,آذربایجان غربی,تهران,تهران,سلماس خ كمرزاده پلاک 107,6104337111206003,09120847333
1000003996,1132715840,احمد محمدي,احمد,208,1388-01-10,تهران,تهران,اراک,مرکزی,تهران خ كمرزاده پلاک 108,6104337111310732,09120855252
1000004033,1132715841,علي رضايي,حسين,209,1389-02-11,اراک,مرکزی,ايلام,ايلام,اراک خ كمرزاده پلاک 109,6104337111415461,09120863171
1000004070,1132715842,مريم اسدي,مريم,210,1390-03-12,None,None,ياسوج,کهگيلويه وبويراحمد,ايلام خ كمرزاده پلاک 110,6104337111520190,09120871090
1000004107,1132715843,زهرا كريمي,محمد,211,1391-04-13,ياسوج,کهگيلويه وبويراحمد,کرمان,کرمان,ياسوج خ كمرزاده پلاک 111,6104337111624919,09120879009
1000004144,1132715844,رضا احمدي,رضا,212,1392-05-14,کرمان,کرمان,سلماس,آذربایجان غربی,کرمان خ كمرزاده پلاک 112,6104337111729648,09120886928
1000004181,1132715845,سعيد موسوي,اسما,213,1393-06-15,سلماس,آذربایجان غربی,تهران,تهران,سلماس خ كمرزاده پلاک 113,6104337111834377,09120894847
1000004218,1132715846,نرگس حسني,نرگس,214,1394-07-16,تهران,تهران,اراک,مرکزی,تهران خ كمرزاده پلاک 114,6104337111939106,09120902766
1000004255,1132715847,حسين قاسمي,علي,215,1395-08-17,None,None,ايلام,ايلام,اراک خ كمرزاده پلاک 115,6104337112043835,09120910685
1000004292,1132715848,فاطمه جعفري,فاطمه,216,1396-09-18,ايلام,ايلام,ياسوج,کهگيلويه وبويراحمد,ايلام خ كمرزاده پلاک 116,6104337112148564,09120918604
1000004329,1132715849,محمد مرادي,زهرا,217,1397-01-10,ياسوج,کهگيلويه وبويراحمد,کرمان,کرمان,ياسوج خ كمرزاده پلاک 117,6104337112253293,09120926523
1000004366,1132715850,اکبر محمدي,اکبر,218,1398-02-11,کرمان,کرمان,سلماس,آذربایجان غربی,کرمان خ كمرزاده پلاک 118,6104337112358022,09120934442
1000004403,1132715851,اسما رضايي,سعيد,219,1399-03-12,سلماس,آذربایجان غربی,تهران,تهران,سلماس خ كمرزاده پلاک 119,6104337112462751,09120942361
1000004440,1132715852,احمد اسدي,احمد,220,1340-04-13,None,None,اراک,مرکزی,تهران خ كمرزاده پلاک 120,6104337112567480,09120950280
1000004477,1132715853,علي كريمي,حسين,221,1341-05-14,اراک,مرکزی,ايلام,ايلام,اراک خ كمرزاده پلاک 121,6104337112672209,09120958199
1000004514,1132715854,مريم احمدي,مريم,222,1342-06-15,ايلام,ايلام,ياسوج,کهگيلويه وبويراحمد,ايلام خ كمرزاده پلاک 122,6104337112776938,09120966118
1000004551,1132715855,زهرا موسوي,محمد,223,1343-07-16,ياسوج,کهگيلويه وبويراحمد,کرمان,کرمان,ياسوج خ كمرزاده پلاک 123,6104337112881667,09120974037
1000004588,1132715856,رضا حسني,رضا,224,1344-08-17,کرمان,کرمان,سلماس,آذربایجان غربی,کرمان خ كمرزاده پلاک 124,6104337112986396,09120981956
1000004625,1132715857,سعيد قاسمي,اسما,225,1345-09-18,None,None,تهران,تهران,سلماس خ كمرزاده پلاک 125,6104337113091125,09120989875
1000004662,1132715858,نرگس جعفري,نرگس,226,1346-01-10,تهران,تهران,اراک,مرکزی,تهران خ كمرزاده پلاک 126,6104337113195854,09120997794
1000004699,1132715859,حسين مرادي,علي,227,1347-02-11,اراک,مرکزی,ايلام,ايلام,اراک خ كمرزاده پلاک 127,6104337113300583,09121005713
1000004736,1132715860,فاطمه محمدي,فاطمه,228,1348-03-12,ايلام,ايلام,ياسوج,کهگيلويه وبويراحمد,ايلام خ كمرزاده پلاک 128,6104337113405312,09121013632
1000004773,1132715861,محمد رضايي,زهرا,229,1349-04-13,ياسوج,کهگيلويه وبويراحمد,کرمان,کرمان,ياسوج خ كمرزاده پلاک 129,6104337113510041,09121021551
1000004810,1132715862,اکبر اسدي,اکبر,230,1350-05-14,None,None,سلماس,آذربایجان غربی,کرمان خ كمرزاده پلاک 130,6104337113614770,09121029470
1000004847,1132715863,اسما كريمي,سعيد,231,1351-06-15,سلماس,آذربایجان غربی,تهران,تهران,سلماس خ كمرزاده پلاک 131,6104337113719499,09121037389
1000004884,1132715864,احمد احمدي,احمد,232,1352-07-16,تهران,تهران,اراک,مرکزی,تهران خ كمرزاده پلاک 132,6104337113824228,09121045308
1000004921,1132715865,علي موسوي,حسين,233,1353-08-17,اراک,مرکزی,ايلام,ايلام,اراک خ كمرزاده پلاک 133,6104337113928957,09121053227
1000004958,1132715866,مريم حسني,مريم,234,1354-09-18,ايلام,ايلام,ياسوج,کهگيلويه وبويراحمد,ايلام خ كمرزاده پلاک 134,6104337114033686,09121061146
1000004995,1132715867,زهرا قاسمي,محمد,235,1355-01-10,None,None,کرمان,کرمان,ياسوج خ كمرزاده پلاک 135,6104337114138415,09121069065
1000005032,1132715868,رضا جعفري,رضا,236,1356-02-11,کرمان,کرمان,سلماس,آذربایجان غربی,کرمان خ كمرزاده پلاک 136,6104337114243144,09121076984
1000005069,1132715869,سعيد مرادي,اسما,237,1357-03-12,سلماس,آذربایجان غربی,تهران,تهران,سلماس خ كمرزاده پلاک 137,6104337114347873,09121084903
1000005106,1132715870,نرگس محمدي,نرگس,238,1358-04-13,تهران,تهران,اراک,مرکزی,تهران خ كمرزاده پلاک 138,6104337114452602,09121092822
1000005143,1132715871,حسين رضايي,علي,239,1359-05-14,اراک,مرکزی,ايلام,ايلام,اراک خ كمرزاده پلاک 139,6104337114557331,09121100741
1000005180,1132715872,فاطمه اسدي,فاطمه,240,1360-06-15,None,None,ياسوج,کهگيلويه وبويراحمد,ايلام خ كمرزاده پلاک 140,6104337114662060,09121108660
1000005217,1132715873,محمد كريمي,زهرا,241,1361-07-16,ياسوج,کهگيلويه وبويراحمد,کرمان,کرمان,ياسوج خ كمرزاده پلاک 141,6104337114766789,09121116579
1000005254,1132715874,اکبر احمدي,اکبر,242,1362-08-17,کرمان,کرمان,سلماس,آذربایجان غربی,کرمان خ كمرزاده پلاک 142,6104337114871518,09121124498
1000005291,1132715875,اسما موسوي,سعيد,243,1363-09-18,سلماس,آذربایجان غربی,تهران,تهران,سلماس خ كمرزاده پلاک 143,6104337114976247,09121132417
1000005328,1132715876,احمد حسني,احمد,244,1364-01-10,تهران,تهران,اراک,مرکزی,تهران خ كمرزاده پلاک 144,6104337115080976,09121140336
1000005365,1132715877,علي قاسمي,حسين,245,1365-02-11,None,None,ايلام,ايلام,اراک خ كمرزاده پلاک 145,6104337115185705,09121148255
1000005402,1132715878,مريم جعفري,مريم,246,1366-03-12,ايلام,ايلام,ياسوج,کهگيلويه وبويراحمد,ايلام خ كمرزاده پلاک 146,6104337115290434,09121156174
1000005439,1132715879,زهرا مرادي,محمد,247,1367-04-13,ياسوج,کهگيلويه وبويراحمد,کرمان,کرمان,ياسوج خ كمرزاده پلاک 147,6104337115395163,09121164093
1000005476,1132715880,رضا محمدي,رضا,248,1368-05-14,کرمان,کرمان,سلماس,آذربایجان غربی,کرمان خ كمرزاده پلاک 148,6104337115499892,09121172012
1000005513,1132715881,سعيد رضايي,اسما,249,1369-06-15,سلماس,آذربایجان غربی,تهران,تهران,سلماس خ كمرزاده پلاک 149,6104337115604621,09121179931
1000005550,1132715882,نرگس اسدي,نرگس,250,1370-07-16,None,None,اراک,مرکزی,تهران خ كمرزاده پلاک 150,6104337115709350,09121187850
1000005587,1132715883,حسين كريمي,علي,251,1371-08-17,اراک,مرکزی,ايلام,ايلام,اراک خ كمرزاده پلاک 151,6104337115814079,09121195769
1000005624,1132715884,فاطمه احمدي,فاطمه,252,1372-09-18,ايلام,ايلام,ياسوج,کهگيلويه وبويراحمد,ايلام خ كمرزاده پلاک 152,6104337115918808,09121203688
1000005661,1132715885,محمد موسوي,زهرا,253,1373-01-10,ياسوج,کهگيلويه وبويراحمد,کرمان,کرمان,ياسوج خ كمرزاده پلاک 153,6104337116023537,09121211607
1000005698,1132715886,اکبر حسني,اکبر,254,1374-02-11,کرمان,کرمان,سلماس,آذربایجان غربی,کرمان خ كمرزاده پلاک 154,6104337116128266,09121219526
1000005735,1132715887,اسما قاسمي,سعيد,255,1375-03-12,None,None,تهران,تهران,سلماس خ كمرزاده پلاک 155,6104337116232995,09121227445
1000005772,1132715888,احمد جعفري,احمد,256,1376-04-13,تهران,تهران,اراک,مرکزی,تهران خ كمرزاده پلاک 156,6104337116337724,09121235364
1000005809,1132715889,علي مرادي,حسين,257,1377-05-14,اراک,مرکزی,ايلام,ايلام,اراک خ كمرزاده پلاک 157,6104337116442453,09121243283
1000005846,1132715890,مريم محمدي,مريم,258,1378-06-15,ايلام,ايلام,ياسوج,کهگيلويه وبويراحمد,ايلام خ كمرزاده پلاک 158,6104337116547182,09121251202
1000005883,1132715891,زهرا رضايي,محمد,259,1379-07-16,ياسوج,کهگيلويه وبويراحمد,کرمان,کرمان,ياسوج خ كمرزاده پلاک 159,6104337116651911,09121259121
1000005920,1132715892,رضا اسدي,رضا,260,1380-08-17,None,None,سلماس,آذربایجان غربی,کرمان خ كمرزاده پلاک 160,6104337116756640,09121267040
1000005957,1132715893,سعيد كريمي,اسما,261,1381-09-18,سلماس,آذربایجان غربی,تهران,تهران,سلماس خ كمرزاده پلاک 161,6104337116861369,09121274959
1000005994,1132715894,نرگس احمدي,نرگس,262,1382-01-10,تهران,تهران,اراک,مرکزی,تهران خ كمرزاده پلاک 162,6104337116966098,09121282878
1000006031,1132715895,حسين موسوي,علي,263,1383-02-11,اراک,مرکزی,ايلام,ايلام,اراک خ كمرزاده پلاک 163,6104337117070827,09121290797
1000006068,1132715896,فاطمه حسني,فاطمه,264,1384-03-12,ايلام,ايلام,ياسوج,کهگيلويه وبويراحمد,ايلام خ كمرزاده پلاک 164,6104337117175556,09121298716
1000006105,1132715897,محمد قاسمي,زهرا,265,1385-04-13,None,None,کرمان,کرمان,ياسوج خ كمرزاده پلاک 165,6104337117280285,09121306635
1000006142,1132715898,اکبر جعفري,اکبر,266,1386-05-14,کرمان,کرمان,سلماس,آذربایجان غربی,کرمان خ كمرزاده پلاک 166,6104337117385014,09121314554
1000006179,1132715899,اسما مرادي,سعيد,267,1387-06-15,سلماس,آذربایجان غربی,تهران,تهران,سلماس خ كمرزاده پلاک 167,6104337117489743,09121322473
1000006216,1132715900,احمد محمدي,احمد,268,1388-07-16,تهران,تهران,اراک,مرکزی,تهران خ كمرزاده پلاک 168,6104337117594472,09121330392
1000006253,1132715901,علي رضايي,حسين,269,1389-08-17,اراک,مرکزی,ايلام,ايلام,اراک خ كمرزاده پلاک 169,6104337117699201,09121338311
1000006290,1132715902,مريم اسدي,مريم,270,1390-09-18,None,None,ياسوج,کهگيلويه وبويراحمد,ايلام خ كمرزاده پلاک 170,6104337117803930,09121346230
1000006327,1132715903,زهرا كريمي,محمد,271,1391-01-10,ياسوج,کهگيلويه وبويراحمد,کرمان,کرمان,ياسوج خ كمرزاده پلاک 171,6104337117908659,09121354149
1000006364,1132715904,رضا احمدي,رضا,272,1392-02-11,کرمان,کرمان,سلماس,آذربایجان غربی,کرمان خ كمرزاده پلاک 172,6104337118013388,09121362068
1000006401,1132715905,سعيد موسوي,اسما,273,1393-03-12,سلماس,آذربایجان غربی,تهران,تهران,سلماس خ كمرزاده پلاک 173,6104337118118117,09121369987
1000006438,1132715906,نرگس حسني,نرگس,274,1394-04-13,تهران,تهران,اراک,مرکزی,تهران خ كمرزاده پلاک 174,6104337118222846,09121377906
1000006475,1132715907,حسين قاسمي,علي,275,1395-05-14,None,None,ايلام,ايلام,اراک خ كمرزاده پلاک 175,6104337118327575,09121385825
1000006512,1132715908,فاطمه جعفري,فاطمه,276,1396-06-15,ايلام,ايلام,ياسوج,کهگيلويه وبويراحمد,ايلام خ كمرزاده پلاک 176,6104337118432304,09121393744
1000006549,1132715909,محمد مرادي,زهرا,277,1397-07-16,ياسوج,کهگيلويه وبويراحمد,کرمان,کرمان,ياسوج خ كمرزاده پلاک 177,6104337118537033,09121401663
1000006586,1132715910,اکبر محمدي,اکبر,278,1398-08-17,کرمان,کرمان,سلماس,آذربایجان غربی,کرمان خ كمرزاده پلاک 178,6104337118641762,09121409582
1000006623,1132715911,اسما رضايي,سعيد,279,1399-09-18,سلماس,آذربایجان غربی,تهران,تهران,سلماس خ كمرزاده پلاک 179,6104337118746491,09121417501
1000006660,1132715912,احمد اسدي,احمد,280,1340-01-10,None,None,اراک,مرکزی,تهران خ كمرزاده پلاک 180,6104337118851220,09121425420
1000006697,1132715913,علي كريمي,حسين,281,1341-02-11,اراک,مرکزی,ايلام,ايلام,اراک خ كمرزاده پلاک 181,6104337118955949,09121433339
1000006734,1132715914,مريم احمدي,مريم,282,1342-03-12,ايلام,ايلام,ياسوج,کهگيلويه وبويراحمد,ايلام خ كمرزاده پلاک 182,6104337119060678,09121441258
1000006771,1132715915,زهرا موسوي,محمد,283,1343-04-13,ياسوج,کهگيلويه وبويراحمد,کرمان,کرمان,ياسوج خ كمرزاده پلاک 183,6104337119165407,09121449177
1000006808,1132715916,رضا حسني,رضا,284,1344-05-14,کرمان,کرمان,سلماس,آذربایجان غربی,کرمان خ كمرزاده پلاک 184,6104337119270136,09121457096
1000006845,1132715917,سعيد قاسمي,اسما,285,1345-06-15,None,None,تهران,تهران,سلماس خ كمرزاده پلاک 185,6104337119374865,09121465015
1000006882,1132715918,نرگس جعفري,نرگس,286,1346-07-16,تهران,تهران,اراک,مرکزی,تهران خ كمرزاده پلاک 186,6104337119479594,09121472934
1000006919,1132715919,حسين مرادي,علي,287,1347-08-17,اراک,مرکزی,ايلام,ايلام,اراک خ كمرزاده پلاک 187,6104337119584323,09121480853
1000006956,1132715920,فاطمه محمدي,فاطمه,288,1348-09-18,ايلام,ايلام,ياسوج,کهگيلويه وبويراحمد,ايلام خ كمرزاده پلاک 188,6104337119689052,09121488772
1000006993,1132715921,محمد رضايي,زهرا,289,1349-01-10,ياسوج,کهگيلويه وبويراحمد,کرمان,کرمان,ياسوج خ كمرزاده پلاک 189,6104337119793781,09121496691
1000007030,1132715922,اکبر اسدي,اکبر,290,1350-02-11,None,None,سلماس,آذربایجان غربی,کرمان خ كمرزاده پلاک 190,6104337119898510,09121504610
1000007067,1132715923,اسما كريمي,سعيد,291,1351-03-12,سلماس,آذربایجان غربی,تهران,تهران,سلماس خ كمرزاده پلاک 191,6104337120003239,09121512529
1000007104,1132715924,احمد احمدي,احمد,292,1352-04-13,تهران,تهران,اراک,مرکزی,تهران خ كمرزاده پلاک 192,6104337120107968,09121520448
1000007141,1132715925,علي موسوي,حسين,293,1353-05-14,اراک,مرکزی,ايلام,ايلام,اراک خ كمرزاده پلاک 193,6104337120212697,09121528367
1000007178,1132715926,مريم حسني,مريم,294,1354-06-15,ايلام,ايلام,ياسوج,کهگيلويه وبويراحمد,ايلام خ كمرزاده پلاک 194,6104337120317426,09121536286
1000007215,1132715927,زهرا قاسمي,محمد,295,1355-07-16,None,None,کرمان,کرمان,ياسوج خ كمرزاده پلاک 195,6104337120422155,09121544205
1000007252,1132715928,رضا جعفري,رضا,296,1356-08-17,کرمان,کرمان,سلماس,آذربایجان غربی,کرمان خ كمرزاده پلاک 196,6104337120526884,09121552124
1000007289,1132715929,سعيد مرادي,اسما,297,1357-09-18,سلماس,آذربایجان غربی,تهران,تهران,سلماس خ كمرزاده پلاک 197,6104337120631613,09121560043
1000007326,1132715930,نرگس محمدي,نرگس,298,1358-01-10,تهران,تهران,اراک,مرکزی,تهران خ كمرزاده پلاک 198,6104337120736342,09121567962
1000007363,1132715931,حسين رضايي,علي,299,1359-02-11,اراک,مرکزی,ايلام,ايلام,اراک خ كمرزاده پلاک 199,6104337120841071,09121575881
1000007400,1132715932,فاطمه اسدي,فاطمه,300,1360-03-12,None,None,ياسوج,کهگيلويه وبويراحمد,ايلام خ كمرزاده پلاک 200,6104337120945800,09121583800
1000007437,1132715933,محمد كريمي,زهرا,301,1361-04-13,ياسوج,کهگيلويه وبويراحمد,کرمان,کرمان,ياسوج خ كمرزاده پلاک 201,6104337121050529,09121591719
1000007474,1132715934,اکبر احمدي,اکبر,302,1362-05-14,کرمان,کرمان,سلماس,آذربایجان غربی,کرمان خ كمرزاده پلاک 202,6104337121155258,09121599638
1000007511,1132715935,اسما موسوي,سعيد,303,1363-06-15,سلماس,آذربایجان غربی,تهران,تهران,سلماس خ كمرزاده پلاک 203,6104337121259987,09121607557
1000007548,1132715936,احمد حسني,احمد,304,1364-07-16,تهران,تهران,اراک,مرکزی,تهران خ كمرزاده پلاک 204,6104337121364716,09121615476
1000007585,1132715937,علي قاسمي,حسين,305,1365-08-17,None,None,ايلام,ايلام,اراک خ كمرزاده پلاک 205,6104337121469445,09121623395
1000007622,1132715938,مريم جعفري,مريم,306,1366-09-18,ايلام,ايلام,ياسوج,کهگيلويه وبويراحمد,ايلام خ كمرزاده پلاک 206,6104337121574174,09121631314
1000007659,1132715939,زهرا مرادي,محمد,307,1367-01-10,ياسوج,کهگيلويه وبويراحمد,کرمان,کرمان,ياسوج خ كمرزاده پلاک 207,6104337121678903,09121639233
1000007696,1132715940,رضا محمدي,رضا,308,1368-02-11,کرمان,کرمان,سلماس,آذربایجان غربی,کرمان خ كمرزاده پلاک 208,6104337121783632,09121647152
1000007733,1132715941,سعيد رضايي,اسما,309,1369-03-12,سلماس,آذربایجان غربی,تهران,تهران,سلماس خ كمرزاده پلاک 209,6104337121888361,09121655071
1000007770,1132715942,نرگس اسدي,نرگس,310,1370-04-13,None,None,اراک,مرکزی,تهران خ كمرزاده پلاک 210,6104337121993090,09121662990
1000007807,1132715943,حسين كريمي,علي,311,1371-05-14,اراک,مرکزی,ايلام,ايلام,اراک خ كمرزاده پلاک 211,6104337122097819,09121670909
1000007844,1132715944,فاطمه احمدي,فاطمه,312,1372-06-15,ايلام,ايلام,ياسوج,کهگيلويه وبويراحمد,ايلام خ كمرزاده پلاک 212,6104337122202548,09121678828
1000007881,1132715945,محمد موسوي,زهرا,313,1373-07-16,ياسوج,کهگيلويه وبويراحمد,کرمان,کرمان,ياسوج خ كمرزاده پلاک 213,6104337122307277,09121686747
1000007918,1132715946,اکبر حسني,اکبر,314,1374-08-17,کرمان,کرمان,سلماس,آذربایجان غربی,کرمان خ كمرزاده پلاک 214,6104337122412006,09121694666
1000007955,1132715947,اسما قاسمي,سعيد,315,1375-09-18,None,None,تهران,تهران,سلماس خ كمرزاده پلاک 215,6104337122516735,09121702585
1000007992,1132715948,احمد جعفري,احمد,316,1376-01-10,تهران,تهران,اراک,مرکزی,تهران خ كمرزاده پلاک 216,6104337122621464,09121710504
1000008029,1132715949,علي مرادي,حسين,317,1377-02-11,اراک,مرکزی,ايلام,ايلام,اراک خ كمرزاده پلاک 217,6104337122726193,09121718423
1000008066,1132715950,مريم محمدي,مريم,318,1378-03-12,ايلام,ايلام,ياسوج,کهگيلويه وبويراحمد,ايلام خ كمرزاده پلاک 218,6104337122830922,09121726342
1000008103,1132715951,زهرا رضايي,محمد,319,1379-04-13,ياسوج,کهگيلويه وبويراحمد,کرمان,کرمان,ياسوج خ كمرزاده پلاک 219,6104337122935651,09121734261
1000008140,1132715952,رضا اسدي,رضا,320,1380-05-14,None,None,سلماس,آذربایجان غربی,کرمان خ كمرزاده پلاک 220,6104337123040380,09121742180
1000008177,1132715953,سعيد كريمي,اسما,321,1381-06-15,سلماس,آذربایجان غربی,تهران,تهران,سلماس خ كمرزاده پلاک 221,6104337123145109,09121750099
1000008214,1132715954,نرگس احمدي,نرگس,322,1382-07-16,تهران,تهران,اراک,مرکزی,تهران خ كمرزاده پلاک 222,6104337123249838,09121758018
1000008251,1132715955,حسين موسوي,علي,323,1383-08-17,اراک,مرکزی,ايلام,ايلام,اراک خ كمرزاده پلاک 223,6104337123354567,09121765937
1000008288,1132715956,فاطمه حسني,فاطمه,324,1384-09-18,ايلام,ايلام,ياسوج,کهگيلويه وبويراحمد,ايلام خ كمرزاده پلاک 224,6104337123459296,09121773856
1000008325,1132715957,محمد قاسمي,زهرا,325,1385-01-10,None,None,کرمان,کرمان,ياسوج خ كمرزاده پلاک 225,6104337123564025,09121781775
1000008362,1132715958,اکبر جعفري,اکبر,326,1386-02-11,کرمان,کرمان,سلماس,آذربایجان غربی,کرمان خ كمرزاده پلاک 226,6104337123668754,09121789694
1000008399,1132715959,اسما مرادي,سعيد,327,1387-03-12,سلماس,آذربایجان غربی,تهران,تهران,سلماس خ كمرزاده پلاک 227,6104337123773483,09121797613
1000008436,1132715960,احمد محمدي,احمد,328,1388-04-13,تهران,تهران,اراک,مرکزی,تهران خ كمرزاده پلاک 228,6104337123878212,09121805532
1000008473,1132715961,علي رضايي,حسين,329,1389-05-14,اراک,مرکزی,ايلام,ايلام,اراک خ كمرزاده پلاک 229,6104337123982941,09121813451
1000008510,1132715962,مريم اسدي,مريم,330,1390-06-15,None,None,ياسوج,کهگيلويه وبويراحمد,ايلام خ كمرزاده پلاک 230,6104337124087670,09121821370
1000008547,1132715963,زهرا كريمي,محمد,331,1391-07-16,ياسوج,کهگيلويه وبويراحمد,کرمان,کرمان,ياسوج خ كمرزاده پلاک 231,6104337124192399,09121829289
1000008584,1132715964,رضا احمدي,رضا,332,1392-08-17,کرمان,کرمان,سلماس,آذربایجان غربی,کرمان خ كمرزاده پلاک 232,6104337124297128,09121837208
1000008621,1132715965,سعيد موسوي,اسما,333,1393-09-18,سلماس,آذربایجان غربی,تهران,تهران,سلماس خ كمرزاده پلاک 233,6104337124401857,09121845127
1000008658,1132715966,نرگس حسني,نرگس,334,1394-01-10,تهران,تهران,اراک,مرکزی,تهران خ كمرزاده پلاک 234,6104337124506586,09121853046
1000008695,1132715967,حسين قاسمي,علي,335,1395-02-11,None,None,ايلام,ايلام,اراک خ كمرزاده پلاک 235,6104337124611315,09121860965
1000008732,1132715968,فاطمه جعفري,فاطمه,336,1396-03-12,ايلام,ايلام,ياسوج,کهگيلويه وبويراحمد,ايلام خ كمرزاده پلاک 236,6104337124716044,09121868884
1000008769,1132715969,محمد مرادي,زهرا,337,1397-04-13,ياسوج,کهگيلويه وبويراحمد,کرمان,کرمان,ياسوج خ كمرزاده پلاک 237,6104337124820773,09121876803
1000008806,1132715970,اکبر محمدي,اکبر,338,1398-05-14,کرمان,کرمان,سلماس,آذربایجان غربی,کرمان خ كمرزاده پلاک 238,6104337124925502,09121884722
1000008843,1132715971,اسما رضايي,سعيد,339,1399-06-15,سلماس,آذربایجان غربی,تهران,تهران,سلماس خ كمرزاده پلاک 239,6104337125030231,09121892641
1000008880,1132715972,احمد اسدي,احمد,340,1340-07-16,None,None,اراک,مرکزی,تهران خ كمرزاده پلاک 240,6104337125134960,09121900560
1000008917,1132715973,علي كريمي,حسين,341,1341-08-17,اراک,مرکزی,ايلام,ايلام,اراک خ كمرزاده پلاک 241,6104337125239689,09121908479
1000008954,1132715974,مريم احمدي,مريم,342,1342-09-18,ايلام,ايلام,ياسوج,کهگيلويه وبويراحمد,ايلام خ كمرزاده پلاک 242,6104337125344418,09121916398
1000008991,1132715975,زهرا موسوي,محمد,343,1343-01-10,ياسوج,کهگيلويه وبويراحمد,کرمان,کرمان,ياسوج خ كمرزاده پلاک 243,6104337125449147,09121924317
1000009028,1132715976,رضا حسني,رضا,344,1344-02-11,کرمان,کرمان,سلماس,آذربایجان غربی,کرمان خ كمرزاده پلاک 244,6104337125553876,09121932236
1000009065,1132715977,سعيد قاسمي,اسما,345,1345-03-12,None,None,تهران,تهران,سلماس خ كمرزاده پلاک 245,6104337125658605,09121940155
1000009102,1132715978,نرگس جعفري,نرگس,346,1346-04-13,تهران,تهران,اراک,مرکزی,تهران خ كمرزاده پلاک 246,6104337125763334,09121948074
1000009139,1132715979,حسين مرادي,علي,347,1347-05-14,اراک,مرکزی,ايلام,ايلام,اراک خ كمرزاده پلاک 247,6104337125868063,09121955993
1000009176,1132715980,فاطمه محمدي,فاطمه,348,1348-06-15,ايلام,ايلام,ياسوج,کهگيلويه وبويراحمد,ايلام خ كمرزاده پلاک 248,6104337125972792,09121963912
1000009213,1132715981,محمد رضايي,زهرا,349,1349-07-16,ياسوج,کهگيلويه وبويراحمد,کرمان,کرمان,ياسوج خ كمرزاده پلاک 249,6104337126077521,09121971831
1000009250,1132715982,اکبر اسدي,اکبر,350,1350-08-17,None,None,سلماس,آذربایجان غربی,کرمان خ كمرزاده پلاک 250,6104337126182250,09121979750
1000009287,1132715983,اسما كريمي,سعيد,351,1351-09-18,سلماس,آذربایجان غربی,تهران,تهران,سلماس خ كمرزاده پلاک 251,6104337126286979,09121987669
1000009324,1132715984,احمد احمدي,احمد,352,1352-01-10,تهران,تهران,اراک,مرکزی,تهران خ كمرزاده پلاک 252,6104337126391708,09121995588
1000009361,1132715985,علي موسوي,حسين,353,1353-02-11,اراک,مرکزی,ايلام,ايلام,اراک خ كمرزاده پلاک 253,6104337126496437,09122003507
1000009398,1132715986,مريم حسني,مريم,354,1354-03-12,ايلام,ايلام,ياسوج,کهگيلويه وبويراحمد,ايلام خ كمرزاده پلاک 254,6104337126601166,09122011426
1000009435,1132715987,زهرا قاسمي,محمد,355,1355-04-13,None,None,کرمان,کرمان,ياسوج خ كمرزاده پلاک 255,6104337126705895,09122019345
1000009472,1132715988,رضا جعفري,رضا,356,1356-05-14,کرمان,کرمان,سلماس,آذربایجان غربی,کرمان خ كمرزاده پلاک 256,6104337126810624,09122027264
1000009509,1132715989,سعيد مرادي,اسما,357,1357-06-15,سلماس,آذربایجان غربی,تهران,تهران,سلماس خ كمرزاده پلاک 257,6104337126915353,09122035183
1000009546,1132715990,نرگس محمدي,نرگس,358,1358-07-16,تهران,تهران,اراک,مرکزی,تهران خ كمرزاده پلاک 258,6104337127020082,09122043102
1000009583,1132715991,حسين رضايي,علي,359,1359-08-17,اراک,مرکزی,ايلام,ايلام,اراک خ كمرزاده پلاک 259,6104337127124811,09122051021
1000009620,1132715992,فاطمه اسدي,فاطمه,360,1360-09-18,None,None,ياسوج,کهگيلويه وبويراحمد,ايلام خ كمرزاده پلاک 260,6104337127229540,09122058940
1000009657,1132715993,محمد كريمي,زهرا,361,1361-01-10,ياسوج,کهگيلويه وبويراحمد,کرمان,کرمان,ياسوج خ كمرزاده پلاک 261,6104337127334269,09122066859
1000009694,1132715994,اکبر احمدي,اکبر,362,1362-02-11,کرمان,کرمان,سلماس,آذربایجان غربی,کرمان خ كمرزاده پلاک 262,6104337127438998,09122074778
1000009731,1132715995,اسما موسوي,سعيد,363,1363-03-12,سلماس,آذربایجان غربی,تهران,تهران,سلماس خ كمرزاده پلاک 263,6104337127543727,09122082697
1000009768,1132715996,احمد حسني,احمد,364,1364-04-13,تهران,تهران,اراک,مرکزی,تهران خ كمرزاده پلاک 264,6104337127648456,09122090616
1000009805,1132715997,علي قاسمي,حسين,365,1365-05-14,None,None,ايلام,ايلام,اراک خ كمرزاده پلاک 265,6104337127753185,09122098535
1000009842,1132715998,مريم جعفري,مريم,366,1366-06-15,ايلام,ايلام,ياسوج,کهگيلويه وبويراحمد,ايلام خ كمرزاده پلاک 266,6104337127857914,09122106454
1000009879,1132715999,زهرا مرادي,محمد,367,1367-07-16,ياسوج,کهگيلويه وبويراحمد,کرمان,کرمان,ياسوج خ كمرزاده پلاک 267,6104337127962643,09122114373
1000009916,1132716000,رضا محمدي,رضا,368,1368-08-17,کرمان,کرمان,سلماس,آذربایجان غربی,کرمان خ كمرزاده پلاک 268,6104337128067372,09122122292
1000009953,1132716001,سعيد رضايي,اسما,369,1369-09-18,سلماس,آذربایجان غربی,تهران,تهران,سلماس خ كمرزاده پلاک 269,6104337128172101,09122130211
1000009990,1132716002,نرگس اسدي,نرگس,370,1370-01-10,None,None,اراک,مرکزی,تهران خ كمرزاده پلاک 270,6104337128276830,09122138130
1000010027,1132716003,حسين كريمي,علي,371,1371-02-11,اراک,مرکزی,ايلام,ايلام,اراک خ كمرزاده پلاک 271,6104337128381559,09122146049
1000010064,1132716004,فاطمه احمدي,فاطمه,372,1372-03-12,ايلام,ايلام,ياسوج,کهگيلويه وبويراحمد,ايلام خ كمرزاده پلاک 272,6104337128486288,09122153968
1000010101,1132716005,محمد موسوي,زهرا,373,1373-04-13,ياسوج,کهگيلويه وبويراحمد,کرمان,کرمان,ياسوج خ كمرزاده پلاک 273,6104337128591017,09122161887
1000010138,1132716006,اکبر حسني,اکبر,374,1374-05-14,کرمان,کرمان,سلماس,آذربایجان غربی,کرمان خ كمرزاده پلاک 274,6104337128695746,09122169806
1000010175,1132716007,اسما قاسمي,سعيد,375,1375-06-15,None,None,تهران,تهران,سلماس خ كمرزاده پلاک 275,6104337128800475,09122177725
1000010212,1132716008,احمد جعفري,احمد,376,1376-07-16,تهران,تهران,اراک,مرکزی,تهران خ كمرزاده پلاک 276,6104337128905204,09122185644
1000010249,1132716009,علي مرادي,حسين,377,1377-08-17,اراک,مرکزی,ايلام,ايلام,اراک خ كمرزاده پلاک 277,6104337129009933,09122193563
1000010286,1132716010,مريم محمدي,مريم,378,1378-09-18,ايلام,ايلام,ياسوج,کهگيلويه وبويراحمد,ايلام خ كمرزاده پلاک 278,6104337129114662,09122201482
1000010323,1132716011,زهرا رضايي,محمد,379,1379-01-10,ياسوج,کهگيلويه وبويراحمد,کرمان,کرمان,ياسوج خ كمرزاده پلاک 279,6104337129219391,09122209401
1000010360,1132716012,رضا اسدي,رضا,380,1380-02-11,None,None,سلماس,آذربایجان غربی,کرمان خ كمرزاده پلاک 280,6104337129324120,09122217320
1000010397,1132716013,سعيد كريمي,اسما,381,1381-03-12,سلماس,آذربایجان غربی,تهران,تهران,سلماس خ كمرزاده پلاک 281,6104337129428849,09122225239
1000010434,1132716014,نرگس احمدي,نرگس,382,1382-04-13,تهران,تهران,اراک,مرکزی,تهران خ كمرزاده پلاک 282,6104337129533578,09122233158
1000010471,1132716015,حسين موسوي,علي,383,1383-05-14,اراک,مرکزی,ايلام,ايلام,اراک خ كمرزاده پلاک 283,6104337129638307,09122241077
1000010508,1132716016,فاطمه حسني,فاطمه,384,1384-06-15,ايلام,ايلام,ياسوج,کهگيلويه وبويراحمد,ايلام خ كمرزاده پلاک 284,6104337129743036,09122248996
1000010545,1132716017,محمد قاسمي,زهرا,385,1385-07-16,None,None,کرمان,کرمان,ياسوج خ كمرزاده پلاک 285,6104337129847765,09122256915
1000010582,1132716018,اکبر جعفري,اکبر,386,1386-08-17,کرمان,کرمان,سلماس,آذربایجان غربی,کرمان خ كمرزاده پلاک 286,6104337129952494,09122264834
1000010619,1132716019,اسما مرادي,سعيد,387,1387-09-18,سلماس,آذربایجان غربی,تهران,تهران,سلماس خ كمرزاده پلاک 287,6104337130057223,09122272753
1000010656,1132716020,احمد محمدي,احمد,388,1388-01-10,تهران,تهران,اراک,مرکزی,تهران خ كمرزاده پلاک 288,6104337130161952,09122280672
1000010693,1132716021,علي رضايي,حسين,389,1389-02-11,اراک,مرکزی,ايلام,ايلام,اراک خ كمرزاده پلاک 289,6104337130266681,09122288591
1000010730,1132716022,مريم اسدي,مريم,390,1390-03-12,None,None,ياسوج,کهگيلويه وبويراحمد,ايلام خ كمرزاده پلاک 290,6104337130371410,09122296510
1000010767,1132716023,زهرا كريمي,محمد,391,1391-04-13,ياسوج,کهگيلويه وبويراحمد,کرمان,کرمان,ياسوج خ كمرزاده پلاک 291,6104337130476139,09122304429
1000010804,1132716024,رضا احمدي,رضا,392,1392-05-14,کرمان,کرمان,سلماس,آذربایجان غربی,کرمان خ كمرزاده پلاک 292,6104337130580868,09122312348
1000010841,1132716025,سعيد موسوي,اسما,393,1393-06-15,سلماس,آذربایجان غربی,تهران,تهران,سلماس خ كمرزاده پلاک 293,6104337130685597,09122320267
1000010878,1132716026,نرگس حسني,نرگس,394,1394-07-16,تهران,تهران,اراک,مرکزی,تهران خ كمرزاده پلاک 294,6104337130790326,09122328186
1000010915,1132716027,حسين قاسمي,علي,395,1395-08-17,None,None,ايلام,ايلام,اراک خ كمرزاده پلاک 295,6104337130895055,09122336105
1000010952,1132716028,فاطمه جعفري,فاطمه,396,1396-09-18,ايلام,ايلام,ياسوج,کهگيلويه وبويراحمد,ايلام خ كمرزاده پلاک 296,6104337130999784,09122344024
1000010989,1132716029,محمد مرادي,زهرا,397,1397-01-10,ياسوج,کهگيلويه وبويراحمد,کرمان,کرمان,ياسوج خ كمرزاده پلاک 297,6104337131104513,09122351943
1000011026,1132716030,اکبر محمدي,اکبر,398,1398-02-11,کرمان,کرمان,سلماس,آذربایجان غربی,کرمان خ كمرزاده پلاک 298,6104337131209242,09122359862
1000011063,1132716031,اسما رضايي,سعيد,399,1399-03-12,سلماس,آذربایجان غربی,تهران,تهران,سلماس خ كمرزاده پلاک 299,6104337131313971,09122367781
