AccountNumber,DefineationNumber,FullName,CardNumber,Password_Hint,user_email_address,Passw,user_phone_number,Member,Username,DefineNum_Old,ID_Branch
21340568000,91,احمد اسدي,3000.0,,,, 09191271000 ,,,,1.0
21340568001,92,علي كريمي,,,,,,,,,2.0
21340568002,93,مريم احمدي,,,,,,,,,3.0
21340568003,94,زهرا موسوي,,,,, 09191294757 ,,,,4.0
21340568004,95,رضا حسني,3004.0,,,,,,,,5.0
21340568005,96,سعيد قاسمي,,,,,,,,,6.0
21340568006,97,نرگس جعفري,,,,, 09191318514 ,,,,7.0
21340568007,98,حسين مرادي,,,,,,,,,8.0
21340568008,99,فاطمه محمدي,3008.0,,,,,,,,9.0
21340568009,100,محمد رضايي,,,,, 09191342271 ,,,,10.0
21340568010,101,اکبر اسدي,,,,,,,,,11.0
21340568011,102,اسما كريمي,,,,,,,,,12.0
21340568012,103,احمد احمدي,3012.0,,,, 09191366028 ,,,,13.0
21340568013,104,علي موسوي,,,,,,,,,14.0
21340568014,105,مريم حسني,,,,,,,,,15.0
21340568015,106,زهرا قاسمي,,,,, 09191389785 ,,,,16.0
21340568016,107,رضا جعفري,3016.0,,,,,,,,17.0
21340568017,108,سعيد مرادي,,,,,,,,,18.0
21340568018,109,نرگس محمدي,,,,, 09191413542 ,,,,19.0
21340568019,110,حسين رضايي,,,,,,,,,20.0
21340568020,111,فاطمه اسدي,3020.0,,,,,,,,21.0
21340568021,112,محمد كريمي,,,,, 09191437299 ,,,,22.0
21340568022,113,اکبر احمدي,,,,,,,,,23.0
21340568023,114,اسما موسوي,,,,,,,,,24.0
21340568024,115,احمد حسني,3024.0,,,, 09191461056 ,,,,25.0
21340568025,116,علي قاسمي,,,,,,,,,26.0
21340568026,117,مريم جعفري,,,,,,,,,27.0
21340568027,118,زهرا مرادي,,,,, 09191484813 ,,,,28.0
21340568028,119,رضا محمدي,3028.0,,,,,,,,29.0
21340568029,120,سعيد رضايي,,,,,,,,,30.0
21340568030,121,نرگس اسدي,,,,, 09191508570 ,,,,31.0
21340568031,122,حسين كريمي,,,,,,,,,32.0
21340568032,123,فاطمه احمدي,3032.0,,,,,,,,33.0
21340568033,124,محمد موسوي,,,,, 09191532327 ,,,,34.0
21340568034,125,اکبر حسني,,,,,,,,,35.0
21340568035,126,اسما قاسمي,,,,,,,,,36.0
21340568036,127,احمد جعفري,3036.0,,,, 09191556084 ,,,,37.0
21340568037,128,علي مرادي,,,,,,,,,38.0
21340568038,129,مريم محمدي,,,,,,,,,39.0
21340568039,130,زهرا رضايي,,,,, 09191579841 ,,,,40.0
21340568040,131,رضا اسدي,3040.0,,,,,,,,41.0
21340568041,132,سعيد كريمي,,,,,,,,,42.0
21340568042,133,نرگس احمدي,,,,, 09191603598 ,,,,43.0
21340568043,134,حسين موسوي,,,,,,,,,44.0
21340568044,135,فاطمه حسني,3044.0,,,,,,,,45.0
21340568045,136,محمد قاسمي,,,,, 09191627355 ,,,,46.0
21340568046,137,اکبر جعفري,,,,,,,,,47.0
21340568047,138,اسما مرادي,,,,,,,,,48.0
21340568048,139,احمد محمدي,3048.0,,,, 09191651112 ,,,,49.0
21340568049,140,علي رضايي,,,,,,,,,50.0
21340568050,141,مريم اسدي,,,,,,,,,1.0
21340568051,142,زهرا كريمي,,,,, 09191674869 ,,,,2.0
21340568052,143,رضا احمدي,3052.0,,,,,,,,3.0
21340568053,144,سعيد موسوي,,,,,,,,,4.0
21340568054,145,نرگس حسني,,,,, 09191698626 ,,,,5.0
21340568055,146,حسين قاسمي,,,,,,,,,6.0
21340568056,147,فاطمه جعفري,3056.0,,,,,,,,7.0
21340568057,148,محمد مرادي,,,,, 09191722383 ,,,,8.0
21340568058,149,اکبر محمدي,,,,,,,,,9.0
21340568059,150,اسما رضايي,,,,,,,,,10.0
21340568060,151,احمد اسدي,3060.0,,,, 09191746140 ,,,,11.0
21340568061,152,علي كريمي,,,,,,,,,12.0
21340568062,153,مريم احمدي,,,,,,,,,13.0
21340568063,154,زهرا موسوي,,,,, 09191769897 ,,,,14.0
21340568064,155,رضا حسني,3064.0,,,,,,,,15.0
21340568065,156,سعيد قاسمي,,,,,,,,,16.0
21340568066,157,نرگس جعفري,,,,, 09191793654 ,,,,17.0
21340568067,158,حسين مرادي,,,,,,,,,18.0
21340568068,159,فاطمه محمدي,3068.0,,,,,,,,19.0
21340568069,160,محمد رضايي,,,,, 09191817411 ,,,,20.0
21340568070,161,اکبر اسدي,,,,,,,,,21.0
21340568071,162,اسما كريمي,,,,,,,,,22.0
21340568072,163,احمد احمدي,3072.0,,,, 09191841168 ,,,,23.0
21340568073,164,علي موسوي,,,,,,,,,24.0
21340568074,165,مريم حسني,,,,,,,,,25.0
21340568075,166,زهرا قاسمي,,,,, 09191864925 ,,,,26.0
21340568076,167,رضا جعفري,3076.0,,,,,,,,27.0
21340568077,168,سعيد مرادي,,,,,,,,,28.0
21340568078,169,نرگس محمدي,,,,, 09191888682 ,,,,29.0
21340568079,170,حسين رضايي,,,,,,,,,30.0
21340568080,171,فاطمه اسدي,3080.0,,,,,,,,31.0
21340568081,172,محمد كريمي,,,,, 09191912439 ,,,,32.0
21340568082,173,اکبر احمدي,,,,,,,,,33.0
21340568083,174,اسما موسوي,,,,,,,,,34.0
21340568084,175,احمد حسني,3084.0,,,, 09191936196 ,,,,35.0
21340568085,176,علي قاسمي,,,,,,,,,36.0
21340568086,177,مريم جعفري,,,,,,,,,37.0
21340568087,178,زهرا مرادي,,,,, 09191959953 ,,,,38.0
21340568088,179,رضا محمدي,3088.0,,,,,,,,39.0
21340568089,180,سعيد رضايي,,,,,,,,,40.0
21340568090,181,نرگس اسدي,,,,, 09191983710 ,,,,41.0
21340568091,182,حسين كريمي,,,,,,,,,42.0
21340568092,183,فاطمه احمدي,3092.0,,,,,,,,43.0
21340568093,184,محمد موسوي,,,,, 09192007467 ,,,,44.0
21340568094,185,اکبر حسني,,,,,,,,,45.0
21340568095,186,اسما قاسمي,,,,,,,,,46.0
21340568096,187,احمد جعفري,3096.0,,,, 09192031224 ,,,,47.0
21340568097,188,علي مرادي,,,,,,,,,48.0
21340568098,189,مريم محمدي,,,,,,,,,49.0
21340568099,190,زهرا رضايي,,,,, 09192054981 ,,,,50.0
21340568100,191,رضا اسدي,3100.0,,,,,,,,1.0
21340568101,192,سعيد كريمي,,,,,,,,,2.0
21340568102,193,نرگس احمدي,,,,, 09192078738 ,,,,3.0
21340568103,194,حسين موسوي,,,,,,,,,4.0
21340568104,195,فاطمه حسني,3104.0,,,,,,,,5.0
21340568105,196,محمد قاسمي,,,,, 09192102495 ,,,,6.0
21340568106,197,اکبر جعفري,,,,,,,,,7.0
21340568107,198,اسما مرادي,,,,,,,,,8.0
21340568108,199,احمد محمدي,3108.0,,,, 09192126252 ,,,,9.0
21340568109,200,علي رضايي,,,,,,,,,10.0
21340568110,201,مريم اسدي,,,,,,,,,11.0
21340568111,202,زهرا كريمي,,,,, 09192150009 ,,,,12.0
21340568112,203,رضا احمدي,3112.0,,,,,,,,13.0
21340568113,204,سعيد موسوي,,,,,,,,,14.0
21340568114,205,نرگس حسني,,,,, 09192173766 ,,,,15.0
21340568115,206,حسين قاسمي,,,,,,,,,16.0
21340568116,207,فاطمه جعفري,3116.0,,,,,,,,17.0
21340568117,208,محمد مرادي,,,,, 09192197523 ,,,,18.0
21340568118,209,اکبر محمدي,,,,,,,,,19.0
21340568119,210,اسما رضايي,,,,,,,,,20.0
21340568120,211,احمد اسدي,3120.0,,,, 09192221280 ,,,,21.0
21340568121,212,علي كريمي,,,,,,,,,22.0
21340568122,213,مريم احمدي,,,,,,,,,23.0
21340568123,214,زهرا موسوي,,,,, 09192245037 ,,,,24.0
21340568124,215,رضا حسني,3124.0,,,,,,,,25.0
21340568125,216,سعيد قاسمي,,,,,,,,,26.0
21340568126,217,نرگس جعفري,,,,, 09192268794 ,,,,27.0
21340568127,218,حسين مرادي,,,,,,,,,28.0
21340568128,219,فاطمه محمدي,3128.0,,,,,,,,29.0
21340568129,220,محمد رضايي,,,,, 09192292551 ,,,,30.0
21340568130,221,اکبر اسدي,,,,,,,,,31.0
21340568131,222,اسما كريمي,,,,,,,,,32.0
21340568132,223,احمد احمدي,3132.0,,,, 09192316308 ,,,,33.0
21340568133,224,علي موسوي,,,,,,,,,34.0
21340568134,225,مريم حسني,,,,,,,,,35.0
21340568135,226,زهرا قاسمي,,,,, 09192340065 ,,,,36.0
21340568136,227,رضا جعفري,3136.0,,,,,,,,37.0
21340568137,228,سعيد مرادي,,,,,,,,,38.0
21340568138,229,نرگس محمدي,,,,, 09192363822 ,,,,39.0
21340568139,230,حسين رضايي,,,,,,,,,40.0
21340568140,231,فاطمه اسدي,3140.0,,,,,,,,41.0
21340568141,232,محمد كريمي,,,,, 09192387579 ,,,,42.0
21340568142,233,اکبر احمدي,,,,,,,,,43.0
21340568143,234,اسما موسوي,,,,,,,,,44.0
21340568144,235,احمد حسني,3144.0,,,, 09192411336 ,,,,45.0
21340568145,236,علي قاسمي,,,,,,,,,46.0
21340568146,237,مريم جعفري,,,,,,,,,47.0
21340568147,238,زهرا مرادي,,,,, 09192435093 ,,,,48.0
21340568148,239,رضا محمدي,3148.0,,,,,,,,49.0
21340568149,240,سعيد رضايي,,,,,,,,,50.0
21340568150,241,نرگس اسدي,,,,, 09192458850 ,,,,1.0
21340568151,242,حسين كريمي,,,,,,,,,2.0
21340568152,243,فاطمه احمدي,3152.0,,,,,,,,3.0
21340568153,244,محمد موسوي,,,,, 09192482607 ,,,,4.0
21340568154,245,اکبر حسني,,,,,,,,,5.0
21340568155,246,اسما قاسمي,,,,,,,,,6.0
21340568156,247,احمد جعفري,3156.0,,,, 09192506364 ,,,,7.0
21340568157,248,علي مرادي,,,,,,,,,8.0
21340568158,249,مريم محمدي,,,,,,,,,9.0
21340568159,250,زهرا رضايي,,,,, 09192530121 ,,,,10.0
21340568160,251,رضا اسدي,3160.0,,,,,,,,11.0
21340568161,252,سعيد كريمي,,,,,,,,,12.0
21340568162,253,نرگس احمدي,,,,, 09192553878 ,,,,13.0
21340568163,254,حسين موسوي,,,,,,,,,14.0
21340568164,255,فاطمه حسني,3164.0,,,,,,,,15.0
21340568165,256,محمد قاسمي,,,,, 09192577635 ,,,,16.0
21340568166,257,اکبر جعفري,,,,,,,,,17.0
21340568167,258,اسما مرادي,,,,,,,,,18.0
21340568168,259,احمد محمدي,3168.0,,,, 09192601392 ,,,,19.0
21340568169,260,علي رضايي,,,,,,,,,20.0
21340568170,261,مريم اسدي,,,,,,,,,21.0
21340568171,262,زهرا كريمي,,,,, 09192625149 ,,,,22.0
21340568172,263,رضا احمدي,3172.0,,,,,,,,23.0
21340568173,264,سعيد موسوي,,,,,,,,,24.0
21340568174,265,نرگس حسني,,,,, 09192648906 ,,,,25.0
21340568175,266,حسين قاسمي,,,,,,,,,26.0
21340568176,267,فاطمه جعفري,3176.0,,,,,,,,27.0
21340568177,268,محمد مرادي,,,,, 09192672663 ,,,,28.0
21340568178,269,اکبر محمدي,,,,,,,,,29.0
21340568179,270,اسما رضايي,,,,,,,,,30.0
21340568180,271,احمد اسدي,3180.0,,,, 09192696420 ,,,,31.0
21340568181,272,علي كريمي,,,,,,,,,32.0
21340568182,273,مريم احمدي,,,,,,,,,33.0
21340568183,274,زهرا موسوي,,,,, 09192720177 ,,,,34.0
21340568184,275,رضا حسني,3184.0,,,,,,,,35.0
21340568185,276,سعيد قاسمي,,,,,,,,,36.0
21340568186,277,نرگس جعفري,,,,, 09192743934 ,,,,37.0
21340568187,278,حسين مرادي,,,,,,,,,38.0
21340568188,279,فاطمه محمدي,3188.0,,,,,,,,39.0
21340568189,280,محمد رضايي,,,,, 09192767691 ,,,,40.0
21340568190,281,اکبر اسدي,,,,,,,,,41.0
21340568191,282,اسما كريمي,,,,,,,,,42.0
21340568192,283,احمد احمدي,3192.0,,,, 09192791448 ,,,,43.0
21340568193,284,علي موسوي,,,,,,,,,44.0
21340568194,285,مريم حسني,,,,,,,,,45.0
21340568195,286,زهرا قاسمي,,,,, 09192815205 ,,,,46.0
21340568196,287,رضا جعفري,3196.0,,,,,,,,47.0
21340568197,288,سعيد مرادي,,,,,,,,,48.0
21340568198,289,نرگس محمدي,,,,, 09192838962 ,,,,49.0
21340568199,290,حسين رضايي,,,,,,,,,50.0
21340568200,291,فاطمه اسدي,3200.0,,,,,,,,1.0
21340568201,292,محمد كريمي,,,,, 09192862719 ,,,,2.0
21340568202,293,اکبر احمدي,,,,,,,,,3.0
21340568203,294,اسما موسوي,,,,,,,,,4.0
21340568204,295,احمد حسني,3204.0,,,, 09192886476 ,,,,5.0
21340568205,296,علي قاسمي,,,,,,,,,6.0
21340568206,297,مريم جعفري,,,,,,,,,7.0
21340568207,298,زهرا مرادي,,,,, 09192910233 ,,,,8.0
21340568208,299,رضا محمدي,3208.0,,,,,,,,9.0
21340568209,300,سعيد رضايي,,,,,,,,,10.0
21340568210,301,نرگس اسدي,,,,, 09192933990 ,,,,11.0
21340568211,302,حسين كريمي,,,,,,,,,12.0
21340568212,303,فاطمه احمدي,3212.0,,,,,,,,13.0
21340568213,304,محمد موسوي,,,,, 09192957747 ,,,,14.0
21340568214,305,اکبر حسني,,,,,,,,,15.0
21340568215,306,اسما قاسمي,,,,,,,,,16.0
21340568216,307,احمد جعفري,3216.0,,,, 09192981504 ,,,,17.0
21340568217,308,علي مرادي,,,,,,,,,18.0
21340568218,309,مريم محمدي,,,,,,,,,19.0
21340568219,310,زهرا رضايي,,,,, 09193005261 ,,,,20.0
21340568220,311,رضا اسدي,3220.0,,,,,,,,21.0
21340568221,312,سعيد كريمي,,,,,,,,,22.0
21340568222,313,نرگس احمدي,,,,, 09193029018 ,,,,23.0
21340568223,314,حسين موسوي,,,,,,,,,24.0
21340568224,315,فاطمه حسني,3224.0,,,,,,,,25.0
21340568225,316,محمد قاسمي,,,,, 09193052775 ,,,,26.0
21340568226,317,اکبر جعفري,,,,,,,,,27.0
21340568227,318,اسما مرادي,,,,,,,,,28.0
21340568228,319,احمد محمدي,3228.0,,,, 09193076532 ,,,,29.0
21340568229,320,علي رضايي,,,,,,,,,30.0
21340568230,321,مريم اسدي,,,,,,,,,31.0
21340568231,322,زهرا كريمي,,,,, 09193100289 ,,,,32.0
21340568232,323,رضا احمدي,3232.0,,,,,,,,33.0
21340568233,324,سعيد موسوي,,,,,,,,,34.0
21340568234,325,نرگس حسني,,,,, 09193124046 ,,,,35.0
21340568235,326,حسين قاسمي,,,,,,,,,36.0
21340568236,327,فاطمه جعفري,3236.0,,,,,,,,37.0
21340568237,328,محمد مرادي,,,,, 09193147803 ,,,,38.0
21340568238,329,اکبر محمدي,,,,,,,,,39.0
21340568239,330,اسما رضايي,,,,,,,,,40.0
21340568240,331,احمد اسدي,3240.0,,,, 09193171560 ,,,,41.0
21340568241,332,علي كريمي,,,,,,,,,42.0
21340568242,333,مريم احمدي,,,,,,,,,43.0
21340568243,334,زهرا موسوي,,,,, 09193195317 ,,,,44.0
21340568244,335,رضا حسني,3244.0,,,,,,,,45.0
21340568245,336,سعيد قاسمي,,,,,,,,,46.0
21340568246,337,نرگس جعفري,,,,, 09193219074 ,,,,47.0
21340568247,338,حسين مرادي,,,,,,,,,48.0
21340568248,339,فاطمه محمدي,3248.0,,,,,,,,49.0
21340568249,340,محمد رضايي,,,,, 09193242831 ,,,,50.0
21340568250,341,اکبر اسدي,,,,,,,,,1.0
21340568251,342,اسما كريمي,,,,,,,,,2.0
21340568252,343,احمد احمدي,3252.0,,,, 09193266588 ,,,,3.0
21340568253,344,علي موسوي,,,,,,,,,4.0
21340568254,345,مريم حسني,,,,,,,,,5.0
21340568255,346,زهرا قاسمي,,,,, 09193290345 ,,,,6.0
21340568256,347,رضا جعفري,3256.0,,,,,,,,7.0
21340568257,348,سعيد مرادي,,,,,,,,,8.0
21340568258,349,نرگس محمدي,,,,, 09193314102 ,,,,9.0
21340568259,350,حسين رضايي,,,,,,,,,10.0
21340568260,351,فاطمه اسدي,3260.0,,,,,,,,11.0
21340568261,352,محمد كريمي,,,,, 09193337859 ,,,,12.0
21340568262,353,اکبر احمدي,,,,,,,,,13.0
21340568263,354,اسما موسوي,,,,,,,,,14.0
21340568264,355,احمد حسني,3264.0,,,, 09193361616 ,,,,15.0
21340568265,356,علي قاسمي,,,,,,,,,16.0
21340568266,357,مريم جعفري,,,,,,,,,17.0
21340568267,358,زهرا مرادي,,,,, 09193385373 ,,,,18.0
21340568268,359,رضا محمدي,3268.0,,,,,,,,19.0
21340568269,360,سعيد رضايي,,,,,,,,,20.0
21340568270,361,نرگس اسدي,,,,, 09193409130 ,,,,21.0
21340568271,362,حسين كريمي,,,,,,,,,22.0
21340568272,363,فاطمه احمدي,3272.0,,,,,,,,23.0
21340568273,364,محمد موسوي,,,,, 09193432887 ,,,,24.0
21340568274,365,اکبر حسني,,,,,,,,,25.0
21340568275,366,اسما قاسمي,,,,,,,,,26.0
21340568276,367,احمد جعفري,3276.0,,,, 09193456644 ,,,,27.0
21340568277,368,علي مرادي,,,,,,,,,28.0
21340568278,369,مريم محمدي,,,,,,,,,29.0
21340568279,370,زهرا رضايي,,,,, 09193480401 ,,,,30.0
21340568280,371,رضا اسدي,3280.0,,,,,,,,31.0
21340568281,372,سعيد كريمي,,,,,,,,,32.0
21340568282,373,نرگس احمدي,,,,, 09193504158 ,,,,33.0
21340568283,374,حسين موسوي,,,,,,,,,34.0
21340568284,375,فاطمه حسني,3284.0,,,,,,,,35.0
21340568285,376,محمد قاسمي,,,,, 09193527915 ,,,,36.0
21340568286,377,اکبر جعفري,,,,,,,,,37.0
21340568287,378,اسما مرادي,,,,,,,,,38.0
21340568288,379,احمد محمدي,3288.0,,,, 09193551672 ,,,,39.0
21340568289,380,علي رضايي,,,,,,,,,40.0
21340568290,381,مريم اسدي,,,,,,,,,41.0
21340568291,382,زهرا كريمي,,,,, 09193575429 ,,,,42.0
21340568292,383,رضا احمدي,3292.0,,,,,,,,43.0
21340568293,384,سعيد موسوي,,,,,,,,,44.0
21340568294,385,نرگس حسني,,,,, 09193599186 ,,,,45.0
21340568295,386,حسين قاسمي,,,,,,,,,46.0
21340568296,387,فاطمه جعفري,3296.0,,,,,,,,47.0
21340568297,388,محمد مرادي,,,,, 09193622943 ,,,,48.0
21340568298,389,اکبر محمدي,,,,,,,,,49.0
21340568299,390,اسما رضايي,,,,,,,,,50.0
